[{"id":"outputnode-8","connections":[],"left":"701px","top":"740px","inputs":{"output_channel":"1"}},{"id":"outputnode-9","connections":[],"left":"1024px","top":"735px","inputs":{"output_channel":"2"}},{"id":"microphone input-1","connections":[{"id":1714666670089,"target":"reverb-1","output":0,"input":0}],"left":"341px","top":"154px","inputs":{}},{"id":"reverb-1","connections":[{"id":1714666670092,"target":"times-1","output":0,"input":0}],"left":"505px","top":"382px","inputs":{}},{"id":"number-5","connections":[{"id":1714666670094,"target":"reverb-1","output":0,"input":1}],"left":"567px","top":"24px","inputs":{"value":"0.8"}},{"id":"number-6","connections":[{"id":1714666670097,"target":"reverb-1","output":0,"input":2}],"left":"770px","top":"173px","inputs":{"value":"2"}},{"id":"times-1","connections":[{"id":1714666670099,"target":"outputnode-8","output":0,"input":0},{"id":1714666670103,"target":"outputnode-9","output":0,"input":1}],"left":"684px","top":"548px","inputs":{}},{"id":"number-7","connections":[{"id":1714666670106,"target":"times-1","output":0,"input":1}],"left":"1019px","top":"347px","inputs":{"value":"0.5"}},{"id":"comment-11","connections":[],"left":"104px","top":"137px","inputs":{"comment":"change microphone input device ->"}}]