[{"id":"output-4","connections":[],"left":"895px","top":"142px","inputs":{"output_channel":"1"}},{"id":"output-5","connections":[],"left":"897px","top":"214px","inputs":{"output_channel":"2"}},{"id":"microphone-input-1","connections":[{"id":"_jsplumb_c_1728951599261","target":"reverb-0","output":0,"input":0}],"left":"227px","top":"142px","inputs":{}},{"id":"reverb-0","connections":[{"id":"_jsplumb_c_1728951599264","target":"times-0","output":0,"input":0}],"left":"503px","top":"141px","inputs":{"size":"2","feedback":"0.8","wet":"0.5"}},{"id":"times-0","connections":[{"id":"_jsplumb_c_1728951599266","target":"output-4","output":0,"input":0},{"id":"_jsplumb_c_1728951599269","target":"output-5","output":0,"input":1}],"left":"700px","top":"142px","inputs":{"signal in 2":"0.5"}},{"id":"comment-0","connections":[],"left":"29px","top":"143px","inputs":{"comment":"change microphone input device ->"}}]