[{"id":"output-12","connections":[],"left":"790px","top":"166px","inputs":{"output_channel":"1"}},{"id":"output-13","connections":[],"left":"790px","top":"239px","inputs":{"output_channel":"2"}},{"id":"microphone-input-0","connections":[{"id":"_jsplumb_c_1745415112928","target":"delay-0","output":0,"input":0}],"left":"136px","top":"164px","inputs":{}},{"id":"times-9","connections":[{"id":"_jsplumb_c_1745415074404","target":"output-12","output":0,"input":0},{"id":"_jsplumb_c_1745415074406","target":"output-13","output":0,"input":1}],"left":"593px","top":"165px","inputs":{"input 2":"0.25"}},{"id":"slider-12","connections":[{"id":"_jsplumb_c_1745415087780","target":"times-9","output":0,"input":1}],"left":"350px","top":"352px","inputs":{"slider":"0.026","min":"0","max":"0.125"}},{"id":"delay-0","connections":[{"id":"_jsplumb_c_1745415113897","target":"times-9","output":0,"input":0}],"left":"399px","top":"163px","inputs":{"delay (ms)":"250","feedback":"0.2","wet":"0.5"}},{"id":"comment-20","connections":[],"left":"141px","top":"281px","inputs":{"comment":"^^^ microphone input comes from here"}},{"isLocked":false}]