[{"id":"outputnode-12","connections":[],"left":"696px","top":"771px","inputs":{"output_channel":"1"}},{"id":"outputnode-13","connections":[],"left":"963px","top":"772px","inputs":{"output_channel":"2"}},{"id":"microphone input-0","connections":[{"id":"_jsplumb_c_1725401460072","target":"reverb-0","output":0,"input":0}],"left":"679px","top":"169px","inputs":{}},{"id":"reverb-0","connections":[{"id":"_jsplumb_c_1725401451147","target":"times-4","output":0,"input":0}],"left":"645px","top":"358px","inputs":{"feedback":"0.8","size":"2","wet":"0.5"}},{"id":"times-4","connections":[{"id":"_jsplumb_c_1725401451157","target":"outputnode-12","output":0,"input":0},{"id":"_jsplumb_c_1725401451162","target":"outputnode-13","output":0,"input":1}],"left":"672px","top":"564px","inputs":{"signal in 2":"0.5"}},{"id":"comment-18","connections":[],"left":"421px","top":"144px","inputs":{"comment":"change microphone input device ->"}}]