[{"id":"output-2","connections":[],"left":"913px","top":"160px","inputs":{"output_channel":"1"}},{"id":"output-3","connections":[],"left":"913px","top":"233px","inputs":{"output_channel":"2"}},{"id":"microphone-input-0","connections":[{"id":"_jsplumb_c_1729447691731","target":"reverb-0","output":0,"input":0}],"left":"247px","top":"162px","inputs":{}},{"id":"reverb-0","connections":[{"id":"_jsplumb_c_1729447691739","target":"times-0","output":0,"input":0}],"left":"523px","top":"161px","inputs":{"size":"2","feedback":"0.8","wet":"0.5"}},{"id":"times-0","connections":[{"id":"_jsplumb_c_1729447691742","target":"output-2","output":0,"input":0},{"id":"_jsplumb_c_1729447691745","target":"output-3","output":0,"input":1}],"left":"716px","top":"162px","inputs":{"input 2":"0.25"}},{"id":"comment-0","connections":[],"left":"49px","top":"163px","inputs":{"comment":"change microphone input device ->"}}]