[{"id":"output-14","connections":[],"left":"579px","top":"142px","inputs":{"output_channel":"1"}},{"id":"output-15","connections":[],"left":"579px","top":"215px","inputs":{"output_channel":"2"}},{"id":"microphone-input-0","connections":[{"id":"_jsplumb_c_1730642403696","target":"reverb-0","output":0,"input":0}],"left":"30px","top":"143px","inputs":{}},{"id":"reverb-0","connections":[{"id":"_jsplumb_c_1730642403698","target":"times-3","output":0,"input":0}],"left":"189px","top":"143px","inputs":{"size":"2","feedback":"0.8","wet":"0.5"}},{"id":"times-3","connections":[{"id":"_jsplumb_c_1730642403700","target":"output-14","output":0,"input":0},{"id":"_jsplumb_c_1730642403701","target":"output-15","output":0,"input":1}],"left":"382px","top":"144px","inputs":{"input 2":"0.25"}}]