[{"id":"outputnode-10","connections":[],"left":"1062px","top":"1132px","inputs":{"output_channel":"1"}},{"id":"outputnode-11","connections":[],"left":"1385px","top":"1127px","inputs":{"output_channel":"2"}},{"id":"microphone input-0","connections":[{"id":1712937686226,"target":"reverb-0","output":0,"input":0}],"left":"793px","top":"591px","inputs":{}},{"id":"reverb-0","connections":[{"id":1712937686229,"target":"times-3","output":0,"input":0}],"left":"957px","top":"819px","inputs":{}},{"id":"number-8","connections":[{"id":1712937686232,"target":"reverb-0","output":0,"input":1}],"left":"1019px","top":"461px","inputs":{"value":"0.8"}},{"id":"number-9","connections":[{"id":1712937686235,"target":"reverb-0","output":0,"input":2}],"left":"1222px","top":"610px","inputs":{"value":"2"}},{"id":"times-3","connections":[{"id":1712937686238,"target":"outputnode-10","output":0,"input":0},{"id":1712937686241,"target":"outputnode-11","output":0,"input":1}],"left":"1136px","top":"985px","inputs":{}},{"id":"number-10","connections":[{"id":1712937686245,"target":"times-3","output":0,"input":1}],"left":"1471px","top":"784px","inputs":{"value":"0.5"}},{"id":"comment-11","connections":[],"left":"556px","top":"574px","inputs":{"comment":"change microphone input device ->"}}]