[{"id":"outputnode-0","connections":[],"left":"547px","top":"700px","inputs":{"output_channel":"1"}},{"id":"outputnode-1","connections":[],"left":"833px","top":"703px","inputs":{"output_channel":"2"}},{"id":"comment-0","connections":[],"left":"362px","top":"164px","inputs":{"comment":"change this -> to update triangle wave frequency"}},{"id":"tri-0","connections":[{"id":1712934533623,"target":"times-0","output":0,"input":0}],"left":"584px","top":"358px","inputs":{}},{"id":"number-0","connections":[{"id":1712934521723,"target":"tri-0","output":0,"input":0}],"left":"615px","top":"193px","inputs":{"value":"100"}},{"id":"number-1","connections":[{"id":1712934531707,"target":"times-0","output":0,"input":1}],"left":"938px","top":"205px","inputs":{"value":"0.5"}},{"id":"times-0","connections":[{"id":1712934535639,"target":"outputnode-0","output":0,"input":0},{"id":1712934537124,"target":"outputnode-1","output":0,"input":1}],"left":"667px","top":"522px","inputs":{}},{"id":"comment-1","connections":[],"left":"1157px","top":"177px","inputs":{"comment":"<- change this to update overall volume"}}]