[{"id":"cycle-2","connections":[{"id":"_jsplumb_c_1745414423166","target":"scale-1","output":0,"input":0}],"left":"489px","top":"113px","inputs":{"frequency":"","phase":""}},{"id":"cycle-3","connections":[{"id":"_jsplumb_c_1745414250688","target":"times-6","output":0,"input":0}],"left":"933px","top":"113px","inputs":{"frequency":"","phase":""}},{"id":"output-8","connections":[],"left":"1389px","top":"115px","inputs":{"output_channel":"1"}},{"id":"output-9","connections":[],"left":"1389px","top":"193px","inputs":{"output_channel":"2"}},{"id":"comment-9","connections":[],"left":"229px","top":"543px","inputs":{"comment":"carrier signal maximum frequency"}},{"id":"comment-10","connections":[],"left":"83px","top":"249px","inputs":{"comment":"modulator signal frequency"}},{"id":"slider-5","connections":[{"id":"_jsplumb_c_1745414428137","target":"scale-1","output":0,"input":4}],"left":"428px","top":"539px","inputs":{"slider":"20000","min":"0","max":"20000"}},{"id":"slider-7","connections":[{"id":"_jsplumb_c_1745414264322","target":"times-6","output":0,"input":1}],"left":"931px","top":"252px","inputs":{"slider":"0.026","min":"0","max":"0.125"}},{"id":"times-6","connections":[{"id":"_jsplumb_c_1745414256917","target":"output-8","output":0,"input":0},{"id":"_jsplumb_c_1745414259422","target":"output-9","output":0,"input":1},{"id":"_jsplumb_c_1745414615310","target":"spectrogram-0","output":0,"input":0}],"left":"1185px","top":"114px","inputs":{"input 2":""}},{"id":"scale-1","connections":[{"id":"_jsplumb_c_1745414436005","target":"cycle-3","output":0,"input":0}],"left":"716px","top":"114px","inputs":{"low in":"-1","high in":"1","low out":"","high out":"","exponent":"1"}},{"id":"slider-9","connections":[{"id":"_jsplumb_c_1745414432674","target":"scale-1","output":0,"input":3}],"left":"428px","top":"396px","inputs":{"slider":"0","min":"0","max":"20000"}},{"id":"comment-12","connections":[],"left":"231px","top":"393px","inputs":{"comment":"carrier signal minimum frequency"}},{"id":"comment-13","connections":[],"left":"938px","top":"384px","inputs":{"comment":"^^^ controls overall volume"}},{"id":"cycle-4","connections":[{"id":"_jsplumb_c_1745414547287","target":"scale-2","output":0,"input":0}],"left":"100px","top":"120px","inputs":{"frequency":"0.125","phase":""}},{"id":"scale-2","connections":[{"id":"_jsplumb_c_1745414553344","target":"cycle-2","output":0,"input":0}],"left":"284px","top":"114px","inputs":{"low in":"-1","high in":"1","low out":"10","high out":"1000","exponent":"1.5"}},{"id":"spectrogram-0","connections":[],"left":"1380px","top":"287px","inputs":{"blockSize":"128"}},{"isLocked":false}]