[{"id":"output-0","connections":[],"left":"3466px","top":"494px","inputs":{"output_channel":"1"}},{"id":"output-1","connections":[],"left":"3466px","top":"572px","inputs":{"output_channel":"2"}},{"id":"midinote-0","connections":[{"id":"_jsplumb_c_1745417100626","target":"adr-0","output":8,"input":0},{"id":"_jsplumb_c_1745417104576","target":"saw-0","output":0,"input":0},{"id":"_jsplumb_c_1745417197649","target":"saw-1","output":1,"input":0},{"id":"_jsplumb_c_1745417199980","target":"adr-1","output":9,"input":0},{"id":"_jsplumb_c_1745417229144","target":"saw-2","output":2,"input":0},{"id":"_jsplumb_c_1745417231686","target":"adr-2","output":10,"input":0},{"id":"_jsplumb_c_1745417267441","target":"saw-3","output":3,"input":0},{"id":"_jsplumb_c_1745417270238","target":"adr-3","output":11,"input":0},{"id":"_jsplumb_c_1745417300586","target":"saw-4","output":4,"input":0},{"id":"_jsplumb_c_1745417303763","target":"adr-4","output":12,"input":0},{"id":"_jsplumb_c_1745417313116","target":"saw-5","output":5,"input":0},{"id":"_jsplumb_c_1745417316217","target":"adr-5","output":13,"input":0},{"id":"_jsplumb_c_1745417328104","target":"saw-6","output":6,"input":0},{"id":"_jsplumb_c_1745417331654","target":"adr-6","output":14,"input":0},{"id":"_jsplumb_c_1745417340337","target":"saw-7","output":7,"input":0},{"id":"_jsplumb_c_1745417343004","target":"adr-7","output":15,"input":0}],"left":"443px","top":"152px","inputs":{"midiChannel":"1"}},{"id":"saw-0","connections":[{"id":"_jsplumb_c_1745417109813","target":"times-0","output":0,"input":0}],"left":"833px","top":"160px","inputs":{"frequency":""}},{"id":"adr-0","connections":[{"id":"_jsplumb_c_1745417111292","target":"times-0","output":0,"input":1}],"left":"830px","top":"267px","inputs":{"attack (ms)":"0","decay (ms)":"1","release (ms)":"125","level":"1"}},{"id":"times-0","connections":[{"id":"_jsplumb_c_1745417135521","target":"times-1","output":0,"input":0}],"left":"1021px","top":"159px","inputs":{"input 2":""}},{"id":"times-1","connections":[{"id":"_jsplumb_c_1745417772457","target":"lpf-0","output":0,"input":0}],"left":"3012px","top":"495px","inputs":{"input 2":""}},{"id":"slider-0","connections":[{"id":"_jsplumb_c_1745417140726","target":"times-1","output":0,"input":1}],"left":"2677px","top":"796px","inputs":{"slider":"0.064","min":"0","max":"0.125"}},{"id":"saw-1","connections":[{"id":"_jsplumb_c_1745417192585","target":"times-2","output":0,"input":0}],"left":"1309px","top":"194px","inputs":{"frequency":""}},{"id":"adr-1","connections":[{"id":"_jsplumb_c_1745417192588","target":"times-2","output":0,"input":1}],"left":"1305px","top":"301px","inputs":{"attack (ms)":"0","decay (ms)":"1","release (ms)":"125","level":"1"}},{"id":"times-2","connections":[{"id":"_jsplumb_c_1745417202511","target":"times-1","output":0,"input":0}],"left":"1494px","top":"193px","inputs":{"input 2":""}},{"id":"saw-2","connections":[{"id":"_jsplumb_c_1745417224875","target":"times-3","output":0,"input":0}],"left":"1795px","top":"235px","inputs":{"frequency":""}},{"id":"adr-2","connections":[{"id":"_jsplumb_c_1745417224878","target":"times-3","output":0,"input":1}],"left":"1796px","top":"336px","inputs":{"attack (ms)":"0","decay (ms)":"1","release (ms)":"125","level":"1"}},{"id":"times-3","connections":[{"id":"_jsplumb_c_1745417233983","target":"times-1","output":0,"input":0}],"left":"1981px","top":"235px","inputs":{"input 2":""}},{"id":"saw-3","connections":[{"id":"_jsplumb_c_1745417261779","target":"times-4","output":0,"input":0}],"left":"2223px","top":"263px","inputs":{"frequency":""}},{"id":"adr-3","connections":[{"id":"_jsplumb_c_1745417261782","target":"times-4","output":0,"input":1}],"left":"2220px","top":"370px","inputs":{"attack (ms)":"0","decay (ms)":"1","release (ms)":"125","level":"1"}},{"id":"times-4","connections":[{"id":"_jsplumb_c_1745417279309","target":"times-1","output":0,"input":0}],"left":"2412px","top":"262px","inputs":{"input 2":""}},{"id":"saw-4","connections":[{"id":"_jsplumb_c_1745417293711","target":"times-5","output":0,"input":0}],"left":"826px","top":"663px","inputs":{"frequency":""}},{"id":"adr-4","connections":[{"id":"_jsplumb_c_1745417293716","target":"times-5","output":0,"input":1}],"left":"826px","top":"763px","inputs":{"attack (ms)":"0","decay (ms)":"1","release (ms)":"125","level":"1"}},{"id":"times-5","connections":[{"id":"_jsplumb_c_1745417308168","target":"times-1","output":0,"input":0}],"left":"1020px","top":"661px","inputs":{"input 2":""}},{"id":"saw-5","connections":[{"id":"_jsplumb_c_1745417293720","target":"times-6","output":0,"input":0}],"left":"1302px","top":"697px","inputs":{"frequency":""}},{"id":"adr-5","connections":[{"id":"_jsplumb_c_1745417293723","target":"times-6","output":0,"input":1}],"left":"1301px","top":"797px","inputs":{"attack (ms)":"0","decay (ms)":"1","release (ms)":"125","level":"1"}},{"id":"times-6","connections":[{"id":"_jsplumb_c_1745417319677","target":"times-1","output":0,"input":0}],"left":"1490px","top":"694px","inputs":{"input 2":""}},{"id":"saw-6","connections":[{"id":"_jsplumb_c_1745417293727","target":"times-7","output":0,"input":0}],"left":"1788px","top":"738px","inputs":{"frequency":""}},{"id":"adr-6","connections":[{"id":"_jsplumb_c_1745417293730","target":"times-7","output":0,"input":1}],"left":"1790px","top":"838px","inputs":{"attack (ms)":"0","decay (ms)":"1","release (ms)":"125","level":"1"}},{"id":"times-7","connections":[{"id":"_jsplumb_c_1745417334654","target":"times-1","output":0,"input":0}],"left":"1975px","top":"735px","inputs":{"input 2":""}},{"id":"saw-7","connections":[{"id":"_jsplumb_c_1745417293734","target":"times-8","output":0,"input":0}],"left":"2216px","top":"766px","inputs":{"frequency":""}},{"id":"adr-7","connections":[{"id":"_jsplumb_c_1745417293737","target":"times-8","output":0,"input":1}],"left":"2216px","top":"866px","inputs":{"attack (ms)":"0","decay (ms)":"1","release (ms)":"125","level":"1"}},{"id":"times-8","connections":[{"id":"_jsplumb_c_1745417346787","target":"times-1","output":0,"input":0}],"left":"2398px","top":"763px","inputs":{"input 2":""}},{"id":"slider-1","connections":[{"id":"_jsplumb_c_1745417394721","target":"adr-0","output":0,"input":3},{"id":"_jsplumb_c_1745417397004","target":"adr-4","output":0,"input":3},{"id":"_jsplumb_c_1745417399037","target":"adr-1","output":0,"input":3},{"id":"_jsplumb_c_1745417401137","target":"adr-5","output":0,"input":3},{"id":"_jsplumb_c_1745417403454","target":"adr-2","output":0,"input":3},{"id":"_jsplumb_c_1745417405773","target":"adr-6","output":0,"input":3},{"id":"_jsplumb_c_1745417408087","target":"adr-3","output":0,"input":3},{"id":"_jsplumb_c_1745417410640","target":"adr-7","output":0,"input":3}],"left":"454px","top":"1201px","inputs":{"slider":"1476.132","min":"100","max":"2000"}},{"id":"comment-0","connections":[],"left":"452px","top":"1350px","inputs":{"comment":"release (ms)"}},{"id":"slider-2","connections":[{"id":"_jsplumb_c_1745417426521","target":"adr-0","output":0,"input":1},{"id":"_jsplumb_c_1745417428473","target":"adr-4","output":0,"input":1},{"id":"_jsplumb_c_1745417430554","target":"adr-1","output":0,"input":1},{"id":"_jsplumb_c_1745417432788","target":"adr-5","output":0,"input":1},{"id":"_jsplumb_c_1745417435154","target":"adr-2","output":0,"input":1},{"id":"_jsplumb_c_1745417437622","target":"adr-6","output":0,"input":1},{"id":"_jsplumb_c_1745417440221","target":"adr-3","output":0,"input":1},{"id":"_jsplumb_c_1745417443054","target":"adr-7","output":0,"input":1}],"left":"448px","top":"769px","inputs":{"slider":"217.713","min":"0","max":"2000"}},{"id":"comment-1","connections":[],"left":"447px","top":"668px","inputs":{"comment":"attack (ms)"}},{"id":"slider-3","connections":[{"id":"_jsplumb_c_1745417538855","target":"adr-0","output":0,"input":2},{"id":"_jsplumb_c_1745417539972","target":"adr-4","output":0,"input":2},{"id":"_jsplumb_c_1745417541756","target":"adr-1","output":0,"input":2},{"id":"_jsplumb_c_1745417544422","target":"adr-5","output":0,"input":2},{"id":"_jsplumb_c_1745417546173","target":"adr-2","output":0,"input":2},{"id":"_jsplumb_c_1745417548089","target":"adr-6","output":0,"input":2},{"id":"_jsplumb_c_1745417550692","target":"adr-3","output":0,"input":2},{"id":"_jsplumb_c_1745417552306","target":"adr-7","output":0,"input":2}],"left":"451px","top":"1029px","inputs":{"slider":"698.097","min":"0","max":"2000"}},{"id":"comment-2","connections":[],"left":"450px","top":"928px","inputs":{"comment":"decay (ms)"}},{"id":"comment-3","connections":[],"left":"2680px","top":"929px","inputs":{"comment":"^^ controls overall volume"}},{"id":"midicc-0","connections":[{"id":"_jsplumb_c_1745417743340","target":"scale-0","output":0,"input":0}],"left":"2783px","top":"1140px","inputs":{"midiChannel":"1","ccNumber":"70"}},{"id":"scale-0","connections":[{"id":"_jsplumb_c_1745417770874","target":"lpf-0","output":0,"input":1}],"left":"3038px","top":"1138px","inputs":{"low in":"0","high in":"1","low out":"1000","high out":"2000","exponent":"1"}},{"id":"lpf-0","connections":[{"id":"_jsplumb_c_1745417776707","target":"output-0","output":0,"input":0},{"id":"_jsplumb_c_1745417778257","target":"output-1","output":0,"input":1}],"left":"3239px","top":"493px","inputs":{"cutoff":"1000","q":"0.1"}},{"id":"comment-4","connections":[],"left":"215px","top":"156px","inputs":{"comment":"8 voices of MIDI notes map onto 8 saw waves, with amplitude envelopes triggered when a note occurs for that voice"}},{"id":"comment-5","connections":[],"left":"212px","top":"674px","inputs":{"comment":"these parameters allow control of the attack, decay, and release of the amplitude envelopes"}},{"id":"comment-8","connections":[],"left":"2769px","top":"1262px","inputs":{"comment":"it's also possible to receive MIDI CC messages - here a message on CC 70 will control a global low-pass filter"}},{"isLocked":false}]