[{"id":"tri-0","connections":[{"id":"_jsplumb_c_1725401017457","target":"outputnode-4","output":0,"input":0},{"id":"_jsplumb_c_1725401017462","target":"outputnode-5","output":0,"input":1}],"left":"401px","top":"924px","inputs":{"frequency (hz)":"","pulsewidth":""}},{"id":"scale-0","connections":[{"id":"_jsplumb_c_1725401017465","target":"tri-0","output":0,"input":0}],"left":"436px","top":"667px","inputs":{"low in":"0","high in":"1","low out":"100","high out":"10000","exponent":""}},{"id":"outputnode-4","connections":[],"left":"331px","top":"1160px","inputs":{"output_channel":"1"}},{"id":"phasor-1","connections":[{"id":"_jsplumb_c_1725401017469","target":"scale-0","output":0,"input":0}],"left":"420px","top":"491px","inputs":{"frequency (hz)":""}},{"id":"outputnode-5","connections":[],"left":"606px","top":"1161px","inputs":{"output_channel":"2"}},{"id":"scale-1","connections":[{"id":"_jsplumb_c_1725401017493","target":"phasor-1","output":0,"input":0}],"left":"422px","top":"233px","inputs":{"low in":"0","high in":"1","low out":"2","high out":"1000","exponent":"2"}},{"id":"comment-5","connections":[],"left":"191px","top":"256px","inputs":{"comment":"scale slider output to 2-1000 range for the modulator frequency"}},{"id":"comment-6","connections":[],"left":"155px","top":"704px","inputs":{"comment":"scale modulator output to 100-10000"}},{"id":"comment-7","connections":[],"left":"792px","top":"920px","inputs":{"comment":"triangle wave being FM-ed"}},{"id":"slider-2","connections":[{"id":"_jsplumb_c_1725401136033","target":"scale-1","output":0,"input":0}],"left":"442px","top":"41px","inputs":{"":"0.146"}}]