[{"id":"keyboard-0","connections":[{"id":"_jsplumb_c_1734137932165","target":"times-0","output":0,"input":0}],"left":"67px","top":"220px","inputs":{"rootNote":"110"}},{"id":"keyboard-1","connections":[{"id":"_jsplumb_c_1734137932168","target":"cycle-0","output":0,"input":0}],"left":"73px","top":"611px","inputs":{"rootNote":"5"}},{"id":"cycle-0","connections":[{"id":"_jsplumb_c_1734137932172","target":"times-0","output":0,"input":1}],"left":"564px","top":"616px","inputs":{"frequency":"","phase":""}},{"id":"cycle-1","connections":[{"id":"_jsplumb_c_1734137932174","target":"output-2","output":0,"input":0},{"id":"_jsplumb_c_1734137932176","target":"output-3","output":0,"input":1}],"left":"938px","top":"586px","inputs":{"frequency":"","phase":""}},{"id":"times-0","connections":[{"id":"_jsplumb_c_1734137932179","target":"cycle-1","output":0,"input":0}],"left":"749px","top":"587px","inputs":{"input 2":""}},{"id":"output-2","connections":[],"left":"1142px","top":"564px","inputs":{"output_channel":"1"}},{"id":"output-3","connections":[],"left":"1142px","top":"651px","inputs":{"output_channel":"2"}},{"id":"comment-0","connections":[],"left":"68px","top":"113px","inputs":{"comment":"carrier signal frequency"}},{"id":"comment-1","connections":[],"left":"76px","top":"503px","inputs":{"comment":"modulator signal frequency"}},{"id":"comment-2","connections":[],"left":"559px","top":"366px","inputs":{"comment":"<<<<<<<<<<\n\n\n\n\nFirst, make sure to press the \"lock\" button in the menu. Then, touch notes in both keyboards to hear the FM sounds. \n\n\n\n<<<<<<<<<<"}}]