[{"id":"tri-0","connections":[{"id":"_jsplumb_c_1728947078706","target":"output-6","output":0,"input":0},{"id":"_jsplumb_c_1728947078708","target":"output-7","output":0,"input":1}],"left":"882px","top":"229px","inputs":{"frequency (hz)":"","pulsewidth":"0.5"}},{"id":"scale-0","connections":[{"id":"_jsplumb_c_1728947078710","target":"tri-0","output":0,"input":0}],"left":"688px","top":"228px","inputs":{"low in":"0","high in":"1","low out":"100","high out":"10000","exponent":"1"}},{"id":"output-6","connections":[],"left":"1076px","top":"229px","inputs":{"output_channel":"1"}},{"id":"phasor-1","connections":[{"id":"_jsplumb_c_1728947078712","target":"scale-0","output":0,"input":0}],"left":"500px","top":"229px","inputs":{"frequency (hz)":""}},{"id":"output-7","connections":[],"left":"1079px","top":"303px","inputs":{"output_channel":"2"}},{"id":"scale-1","connections":[{"id":"_jsplumb_c_1728947078714","target":"phasor-1","output":0,"input":0}],"left":"308px","top":"227px","inputs":{"low in":"0","high in":"1","low out":"2","high out":"1000","exponent":"2"}},{"id":"comment-6","connections":[],"left":"302px","top":"133px","inputs":{"comment":"scale slider output to 2-1000 range for the modulator frequency"}},{"id":"comment-7","connections":[],"left":"675px","top":"131px","inputs":{"comment":"scale modulator output to 100-10000"}},{"id":"comment-8","connections":[],"left":"878px","top":"131px","inputs":{"comment":"triangle wave being FM-ed"}},{"id":"slider-1","connections":[{"id":"_jsplumb_c_1728947078716","target":"scale-1","output":0,"input":0}],"left":"63px","top":"228px","inputs":{"slider":"0.5","min":"0","max":"1"}}]