[{"id":"tri-1","connections":[{"id":1713647069798,"target":"outputnode-4","output":0,"input":0},{"id":1713647088081,"target":"outputnode-5","output":0,"input":1}],"left":"918px","top":"468px","inputs":{}},{"id":"scale-0","connections":[{"id":1713646924416,"target":"tri-1","output":0,"input":0}],"left":"463px","top":"745px","inputs":{"low in":"0","high in":"1","low out":"100","high out":"1000","exponent":""}},{"id":"outputnode-4","connections":[],"left":"1017px","top":"731px","inputs":{"output_channel":"1"}},{"id":"phasor-1","connections":[{"id":1713647115698,"target":"scale-0","output":0,"input":0}],"left":"462px","top":"636px","inputs":{}},{"id":"outputnode-5","connections":[],"left":"1230px","top":"693px","inputs":{"output_channel":"2"}},{"id":"clock_divider-0","connections":[{"id":1713647157048,"target":"sah-0","output":4,"input":1}],"left":"430px","top":"142px","inputs":{}},{"id":"number-4","connections":[{"id":1713647150064,"target":"clock_divider-0","output":0,"input":0}],"left":"464px","top":"2px","inputs":{"value":"2000"}},{"id":"sah-0","connections":[{"id":1713647170064,"target":"scale-1","output":0,"input":0}],"left":"431px","top":"276px","inputs":{"threshold":""}},{"id":"noise-1","connections":[{"id":1713647164214,"target":"sah-0","output":0,"input":0}],"left":"233px","top":"146px","inputs":{}},{"id":"scale-1","connections":[{"id":1713647178514,"target":"phasor-1","output":0,"input":0}],"left":"461px","top":"416px","inputs":{"low in":"-1","high in":"1","low out":"2","high out":"200","exponent":"3"}}]