[{"id":"outputnode-4","connections":[],"left":"709px","top":"922px","inputs":{"output_channel":"1"}},{"id":"outputnode-5","connections":[],"left":"971px","top":"921px","inputs":{"output_channel":"2"}},{"id":"noise-0","connections":[{"id":"_jsplumb_c_1725400513497","target":"times-0","output":0,"input":1}],"left":"926px","top":"130px","inputs":{}},{"id":"phasor-0","connections":[{"id":"_jsplumb_c_1725400513502","target":"times-0","output":0,"input":0}],"left":"570px","top":"215px","inputs":{"frequency (hz)":"4"}},{"id":"times-0","connections":[{"id":"_jsplumb_c_1725400513509","target":"times-1","output":0,"input":0}],"left":"665px","top":"490px","inputs":{"signal in 2":""}},{"id":"times-1","connections":[{"id":"_jsplumb_c_1725400513512","target":"outputnode-4","output":0,"input":0},{"id":"_jsplumb_c_1725400513517","target":"outputnode-5","output":0,"input":1}],"left":"793px","top":"689px","inputs":{"signal in 2":""}},{"id":"comment-3","connections":[],"left":"322px","top":"184px","inputs":{"comment":"changes the number of noise ramps per second"}},{"id":"comment-4","connections":[],"left":"1262px","top":"371px","inputs":{"comment":"changes overall volume"}},{"id":"slider-0","connections":[{"id":"_jsplumb_c_1725400543265","target":"times-1","output":0,"input":1}],"left":"1085px","top":"394px","inputs":{"":"0.179"}}]