[{"id":"outputnode-0","connections":[],"left":"708px","top":"837px","inputs":{"output_channel":"1"}},{"id":"outputnode-1","connections":[],"left":"995px","top":"849px","inputs":{"output_channel":"2"}},{"id":"noise-0","connections":[{"id":1712935112901,"target":"times-0","output":0,"input":1}],"left":"823px","top":"199px","inputs":{}},{"id":"phasor-0","connections":[{"id":1712935120416,"target":"times-0","output":0,"input":0}],"left":"571px","top":"326px","inputs":{}},{"id":"number-0","connections":[{"id":1712935107067,"target":"phasor-0","output":0,"input":0}],"left":"560px","top":"180px","inputs":{"value":"4"}},{"id":"times-0","connections":[{"id":1712935147335,"target":"times-1","output":0,"input":0}],"left":"665px","top":"490px","inputs":{}},{"id":"times-1","connections":[{"id":1712935150018,"target":"outputnode-0","output":0,"input":0},{"id":1712935151552,"target":"outputnode-1","output":0,"input":1}],"left":"680px","top":"651px","inputs":{}},{"id":"number-1","connections":[{"id":1712935145967,"target":"times-1","output":0,"input":1}],"left":"1027px","top":"351px","inputs":{"value":"0.25"}},{"id":"comment-0","connections":[],"left":"329px","top":"155px","inputs":{"comment":"changes the number of noise ramps per second"}},{"id":"comment-1","connections":[],"left":"1254px","top":"322px","inputs":{"comment":"changes overall volume"}}]