[{"id":"output-2","connections":[],"left":"876px","top":"301px","inputs":{"output_channel":"1"}},{"id":"output-3","connections":[],"left":"877px","top":"367px","inputs":{"output_channel":"2"}},{"id":"noise-0","connections":[{"id":"_jsplumb_c_1728946731978","target":"times-0","output":0,"input":1}],"left":"324px","top":"274px","inputs":{}},{"id":"phasor-0","connections":[{"id":"_jsplumb_c_1728946731987","target":"times-0","output":0,"input":0}],"left":"259px","top":"151px","inputs":{"frequency (hz)":"4"}},{"id":"times-0","connections":[{"id":"_jsplumb_c_1728946731990","target":"times-1","output":0,"input":0}],"left":"473px","top":"245px","inputs":{"signal in 2":""}},{"id":"times-1","connections":[{"id":"_jsplumb_c_1728946731993","target":"output-2","output":0,"input":0},{"id":"_jsplumb_c_1728946731995","target":"output-3","output":0,"input":1}],"left":"684px","top":"300px","inputs":{"signal in 2":""}},{"id":"comment-0","connections":[],"left":"57px","top":"151px","inputs":{"comment":"changes the number of noise ramps per second"}},{"id":"comment-1","connections":[],"left":"224px","top":"377px","inputs":{"comment":"changes overall volume"}},{"id":"slider-0","connections":[{"id":"_jsplumb_c_1728946731998","target":"times-1","output":0,"input":1}],"left":"415px","top":"371px","inputs":{"slider":"0.828","min":"0","max":"1"}}]