[{"id":"output-2","connections":[],"left":"896px","top":"321px","inputs":{"output_channel":"1"}},{"id":"output-3","connections":[],"left":"897px","top":"387px","inputs":{"output_channel":"2"}},{"id":"noise-0","connections":[{"id":"_jsplumb_c_1730642301013","target":"times-0","output":0,"input":1}],"left":"344px","top":"294px","inputs":{}},{"id":"phasor-0","connections":[{"id":"_jsplumb_c_1730642301020","target":"times-0","output":0,"input":0}],"left":"279px","top":"171px","inputs":{"frequency":"4"}},{"id":"times-0","connections":[{"id":"_jsplumb_c_1730642301023","target":"times-1","output":0,"input":0}],"left":"493px","top":"265px","inputs":{"input 2":""}},{"id":"times-1","connections":[{"id":"_jsplumb_c_1730642301025","target":"output-2","output":0,"input":0},{"id":"_jsplumb_c_1730642301027","target":"output-3","output":0,"input":1}],"left":"704px","top":"320px","inputs":{"input 2":""}},{"id":"comment-0","connections":[],"left":"77px","top":"171px","inputs":{"comment":"changes the number of noise ramps per second"}},{"id":"comment-1","connections":[],"left":"244px","top":"397px","inputs":{"comment":"changes overall volume"}},{"id":"slider-0","connections":[{"id":"_jsplumb_c_1730642301029","target":"times-1","output":0,"input":1}],"left":"435px","top":"391px","inputs":{"slider":"0.828","min":"0","max":"1"}}]