[{"id":"output-0","connections":[],"left":"1592px","top":"466.5px","inputs":{"output_channel":"1"}},{"id":"output-1","connections":[],"left":"1592px","top":"566.5px","inputs":{"output_channel":"2"}},{"id":"scope-0","connections":[],"left":"282px","top":"102px","inputs":{"scopeMin":"-1","scopeMax":"1","blockSize":"2048"}},{"id":"noise-0","connections":[{"id":"_jsplumb_c_1745418577163","target":"scope-0","output":0,"input":0}],"left":"110px","top":"103px","inputs":{}},{"id":"saw-0","connections":[{"id":"_jsplumb_c_1745418597679","target":"spectrogram-0","output":0,"input":0}],"left":"87px","top":"383px","inputs":{"frequency":"1000"}},{"id":"spectrogram-0","connections":[],"left":"287px","top":"385px","inputs":{"blockSize":"2048"}},{"id":"random-0","connections":[{"id":"_jsplumb_c_1745418623664","target":"print-0","output":0,"input":0}],"left":"878px","top":"188px","inputs":{"minimum":"0","maximum":"127"}},{"id":"clock-0","connections":[{"id":"_jsplumb_c_1745418619846","target":"random-0","output":4,"input":0}],"left":"680px","top":"76px","inputs":{"tempo (ms)":"1000"}},{"id":"print-0","connections":[],"left":"1073px","top":"186px","inputs":{"scopeMin":"0","scopeMax":"127"}},{"id":"comment-1","connections":[],"left":"681px","top":"449px","inputs":{"comment":"the scope, spectrogram, and print devices each visualize the incoming signal in ways that can be useful when monitoring and/or debugging"}},{"isLocked":false}]