[{"id":"outputnode-0","connections":[],"left":"741px","top":"922px","inputs":{"output_channel":"1"}},{"id":"outputnode-1","connections":[],"left":"899px","top":"922px","inputs":{"output_channel":"2"}},{"id":"wave-0","connections":[{"id":1712936813519,"target":"outputnode-0","output":0,"input":0},{"id":1712936814819,"target":"outputnode-1","output":0,"input":1}],"left":"809px","top":"697px","inputs":{},"audioFileName":"808-Kicks13.wav"},{"id":"phasor-0","connections":[{"id":1712936808368,"target":"wave-0","output":0,"input":0}],"left":"777px","top":"549px","inputs":{}},{"id":"number-0","connections":[{"id":1712936811752,"target":"phasor-0","output":0,"input":0}],"left":"765px","top":"378px","inputs":{"value":"ri(1,25)"}},{"id":"clock_divider-0","connections":[{"id":1712936888755,"target":"number-0","output":2,"input":0}],"left":"746px","top":"228px","inputs":{}},{"id":"number-1","connections":[{"id":1712936863038,"target":"clock_divider-0","output":0,"input":0}],"left":"758px","top":"81px","inputs":{"value":"500"}},{"id":"comment-0","connections":[],"left":"975px","top":"56px","inputs":{"comment":"set clock time to 500ms"}},{"id":"comment-1","connections":[],"left":"981px","top":"356px","inputs":{"comment":"regen every 250ms (500ms / 2) and select random int between 1 and 25"}},{"id":"comment-3","connections":[],"left":"959px","top":"698px","inputs":{"comment":"read thru wave file at randomized phasor speed"}}]