[{"id":"granular-0","connections":[{"id":"_jsplumb_c_1745418221061","target":"times-0","output":0,"input":0}],"left":"655px","top":"235px","inputs":{"position":"0","size (ms)":"50"},"audioFileName":"Tompion___Banger_household_clock_striking_ten_o_clock_wav.wav"},{"id":"touchpad-0","connections":[{"id":"_jsplumb_c_1745418084943","target":"granular-0","output":0,"input":0},{"id":"_jsplumb_c_1745418087393","target":"granular-1","output":1,"input":0}],"left":"103px","top":"235px","inputs":{"touchpadX":"0.3712871287128713","touchpadY":"0.6435643564356436"}},{"id":"granular-1","connections":[{"id":"_jsplumb_c_1745418221943","target":"times-0","output":0,"input":0}],"left":"648px","top":"460px","inputs":{"position":"0","size (ms)":"120"},"audioFileName":"Small_splash_wav.wav"},{"id":"times-0","connections":[{"id":"_jsplumb_c_1745418227693","target":"output-2","output":0,"input":0},{"id":"_jsplumb_c_1745418231960","target":"output-3","output":0,"input":1}],"left":"919px","top":"230px","inputs":{"input 2":""}},{"id":"slider-0","connections":[{"id":"_jsplumb_c_1745418223877","target":"times-0","output":0,"input":1}],"left":"596px","top":"655px","inputs":{"slider":"0.051","min":"0","max":"0.125"}},{"id":"output-2","connections":[],"left":"1132px","top":"226px","inputs":{"output_channel":"1"}},{"id":"output-3","connections":[],"left":"1136px","top":"298px","inputs":{"output_channel":"2"}},{"id":"phasor-0","connections":[{"id":"_jsplumb_c_1745418282010","target":"granular-1","output":0,"input":2},{"id":"_jsplumb_c_1745418283777","target":"granular-0","output":0,"input":2}],"left":"370px","top":"514px","inputs":{"frequency":"20"}},{"id":"slider-1","connections":[{"id":"_jsplumb_c_1745418306328","target":"phasor-0","output":0,"input":0}],"left":"121px","top":"515px","inputs":{"slider":"81.54","min":"0","max":"100"}},{"id":"comment-0","connections":[],"left":"109px","top":"125px","inputs":{"comment":"x and y position control lookup point for the next grain in two audio buffers"}},{"id":"comment-1","connections":[],"left":"136px","top":"641px","inputs":{"comment":"^^ controls how frequency to generate a new grain"}},{"id":"comment-2","connections":[],"left":"602px","top":"783px","inputs":{"comment":"^^^ controls overall volume"}},{"isLocked":false}]