[{"id":"clock_divider-0","connections":[{"id":1712935496643,"target":"play-0","output":0,"input":0}],"left":"674px","top":"304px","inputs":{}},{"id":"number-2","connections":[{"id":1712935349223,"target":"clock_divider-0","output":0,"input":0}],"left":"713px","top":"132px","inputs":{"value":"1000"}},{"id":"outputnode-4","connections":[],"left":"599px","top":"684px","inputs":{"output_channel":"1"}},{"id":"outputnode-5","connections":[],"left":"857px","top":"683px","inputs":{"output_channel":"2"}},{"id":"play-0","connections":[{"id":1712935498110,"target":"outputnode-4","output":0,"input":0},{"id":1712935499560,"target":"outputnode-5","output":0,"input":1}],"left":"710px","top":"477px","inputs":{},"audioFileName":"808-Kicks13.wav"},{"id":"number-3","connections":[{"id":1712935514777,"target":"play-0","output":0,"input":1}],"left":"989px","top":"291px","inputs":{"value":"1"}},{"id":"comment-2","connections":[],"left":"497px","top":"101px","inputs":{"comment":"changes the frequency of the clock divider ->"}},{"id":"comment-3","connections":[],"left":"1198px","top":"263px","inputs":{"comment":"<- changes the rate of audio file playback"}},{"id":"comment-4","connections":[],"left":"481px","top":"299px","inputs":{"comment":"disconnect and re-connect different clock subdivisions"}}]