[{"id":"comment-2","connections":[],"left":"95px","top":"308px","inputs":{"comment":"the \"1000\" root click time  changes the frequency of the clock divider"}},{"id":"comment-3","connections":[],"left":"390px","top":"196px","inputs":{"comment":"disconnect and re-connect different clock subdivisions"}},{"id":"clock-0","connections":[{"id":"_jsplumb_c_1728946975387","target":"play-0","output":0,"input":0}],"left":"291px","top":"300px","inputs":{"root click time (ms)":"1000"}},{"id":"play-0","connections":[{"id":"_jsplumb_c_1728947023038","target":"output-4","output":0,"input":0},{"id":"_jsplumb_c_1728947024154","target":"output-5","output":0,"input":1}],"left":"503px","top":"300px","inputs":{"rate":"1","start pos":"0","end pos":"1","loop":""},"audioFileName":"808-Kicks13.wav"},{"id":"output-4","connections":[],"left":"704px","top":"300px","inputs":{"output_channel":"1"}},{"id":"output-5","connections":[],"left":"703px","top":"374px","inputs":{"output_channel":"2"}}]