[{"id":"clock_divider-0","connections":[{"id":"_jsplumb_c_1725400431827","target":"play-0","output":0,"input":0}],"left":"631px","top":"329px","inputs":{"root click time (ms)":"1000"}},{"id":"outputnode-2","connections":[],"left":"602px","top":"821px","inputs":{"output_channel":"1"}},{"id":"outputnode-3","connections":[],"left":"864px","top":"819px","inputs":{"output_channel":"2"}},{"id":"play-0","connections":[{"id":"_jsplumb_c_1725400431845","target":"outputnode-2","output":0,"input":0},{"id":"_jsplumb_c_1725400431850","target":"outputnode-3","output":0,"input":1}],"left":"603px","top":"551px","inputs":{"rate":"1","start pos":"","end pos":""},"audioFileName":"808-Kicks13.wav"},{"id":"comment-0","connections":[],"left":"673px","top":"120px","inputs":{"comment":"the \"1000\" root click time  changes the frequency of the clock divider"}},{"id":"comment-2","connections":[],"left":"368px","top":"328px","inputs":{"comment":"disconnect and re-connect different clock subdivisions"}}]