[{"id":"tri-0","connections":[{"id":1713649024800,"target":"outputnode-2","output":0,"input":0},{"id":1713649024815,"target":"outputnode-3","output":0,"input":1}],"left":"1005px","top":"504px","inputs":{}},{"id":"scale-0","connections":[{"id":1713649024821,"target":"tri-0","output":0,"input":0}],"left":"550px","top":"781px","inputs":{"low in":"0","high in":"1","low out":"100","high out":"1000","exponent":""}},{"id":"outputnode-2","connections":[],"left":"1104px","top":"767px","inputs":{"output_channel":"1"}},{"id":"phasor-0","connections":[{"id":1713649024826,"target":"scale-0","output":0,"input":0}],"left":"549px","top":"672px","inputs":{}},{"id":"outputnode-3","connections":[],"left":"1317px","top":"729px","inputs":{"output_channel":"2"}},{"id":"clock_divider-0","connections":[{"id":1713649024831,"target":"sah-0","output":4,"input":1}],"left":"517px","top":"178px","inputs":{}},{"id":"number-0","connections":[{"id":1713649024836,"target":"clock_divider-0","output":0,"input":0}],"left":"551px","top":"38px","inputs":{"value":"2000"}},{"id":"sah-0","connections":[{"id":1713649024844,"target":"scale-1","output":0,"input":0}],"left":"518px","top":"312px","inputs":{"threshold":""}},{"id":"noise-0","connections":[{"id":1713649024850,"target":"sah-0","output":0,"input":0}],"left":"320px","top":"182px","inputs":{}},{"id":"scale-1","connections":[{"id":1713649024856,"target":"phasor-0","output":0,"input":0}],"left":"548px","top":"452px","inputs":{"low in":"-1","high in":"1","low out":"2","high out":"200","exponent":"3"}},{"id":"comment-0","connections":[],"left":"792px","top":"9px","inputs":{"comment":"<- clock to generate new random values"}},{"id":"comment-1","connections":[],"left":"816px","top":"267px","inputs":{"comment":"sample-and-hold noise every 500ms (2000ms / 4)"}},{"id":"comment-2","connections":[],"left":"333px","top":"472px","inputs":{"comment":"scale sah to 2-200 range for the modulator frequency"}},{"id":"comment-3","connections":[],"left":"345px","top":"801px","inputs":{"comment":"scale modulator output to 100-1000"}},{"id":"comment-4","connections":[],"left":"1335px","top":"464px","inputs":{"comment":"triangle wave being FM-ed"}}]