[{"id":"outputnode-10","connections":[],"left":"717px","top":"1071px","inputs":{"output_channel":"1"}},{"id":"outputnode-11","connections":[],"left":"985px","top":"1069px","inputs":{"output_channel":"2"}},{"id":"wave-0","connections":[{"id":"_jsplumb_c_1725401351770","target":"outputnode-10","output":0,"input":0},{"id":"_jsplumb_c_1725401351773","target":"outputnode-11","output":0,"input":1}],"left":"793px","top":"777px","inputs":{},"audioFileName":"808-Kicks13.wav"},{"id":"phasor-3","connections":[{"id":"_jsplumb_c_1725401351776","target":"wave-0","output":0,"input":0}],"left":"753px","top":"582px","inputs":{"frequency (hz)":""}},{"id":"number-5","connections":[{"id":"_jsplumb_c_1725401351780","target":"phasor-3","output":0,"input":0}],"left":"765px","top":"389px","inputs":{"value":"ri(1,25)"}},{"id":"clock_divider-1","connections":[{"id":"_jsplumb_c_1725401351783","target":"number-5","output":2,"input":0}],"left":"731px","top":"173px","inputs":{"root click time (ms)":"500"}},{"id":"comment-14","connections":[],"left":"1078px","top":"152px","inputs":{"comment":"set clock time to 500ms"}},{"id":"comment-15","connections":[],"left":"997px","top":"354px","inputs":{"comment":"regenerate every 250ms (500ms / 2) and select random int between 1 and 25"}},{"id":"comment-16","connections":[],"left":"1046px","top":"682px","inputs":{"comment":"read thru wave file at randomized phasor speed"}},{"id":"comment-17","connections":[],"left":"353px","top":"477px","inputs":{"comment":"for more info: https://github.com/nnirror/wax?tab=readme-ov-file#regenerating-device-parameters"}}]