[{"id":"output-6","connections":[],"left":"1481px","top":"245px","inputs":{"output_channel":"1"}},{"id":"output-7","connections":[],"left":"1481px","top":"315px","inputs":{"output_channel":"2"}},{"id":"wave-0","connections":[{"id":"_jsplumb_c_1745416940963","target":"times-2","output":0,"input":0}],"left":"697px","top":"249px","inputs":{},"audioFileName":"808-Kicks13.wav"},{"id":"phasor-2","connections":[{"id":"_jsplumb_c_1745416591103","target":"wave-0","output":0,"input":0}],"left":"508px","top":"247px","inputs":{"frequency":"ri(1,25)"}},{"id":"comment-7","connections":[],"left":"272px","top":"126px","inputs":{"comment":"set clock time to 1000ms"}},{"id":"comment-8","connections":[],"left":"501px","top":"121px","inputs":{"comment":"every half-note tick from the clock, set the phasor frequency to a random int between 1 and 25"}},{"id":"comment-9","connections":[],"left":"705px","top":"149px","inputs":{"comment":"read thru wave file at the randomized phasor speed"}},{"id":"comment-10","connections":[],"left":"32px","top":"123px","inputs":{"comment":"the \"regen\" inlets of Wax devices allow you to regenerate parameters with JavaScript or Facet expressions, like the phasor and sine frequency inlets in this example >>>\n\nfor more info: \nhttps://github.com/nnirror/wax?tab=readme-ov-file#regenerating-device-parameters"}},{"id":"clock-0","connections":[{"id":"_jsplumb_c_1745416629326","target":"phasor-2","output":2,"input":1},{"id":"_jsplumb_c_1745416845992","target":"cycle-0","output":2,"input":2}],"left":"287px","top":"220px","inputs":{"tempo (ms)":"1000"}},{"id":"cycle-0","connections":[{"id":"_jsplumb_c_1745416974745","target":"overdrive-0","output":0,"input":0}],"left":"512px","top":"427px","inputs":{"frequency":"_.ramp(30,80,50).key('d','pentatonic').shuffle().data[0]","phase":""}},{"id":"comment-12","connections":[],"left":"505px","top":"558px","inputs":{"comment":"regenerates the sine wave frequency as a random note in D pentatonic via the following facet expression:\n\n_.ramp(30,80,50)\n.key('d','pentatonic')\n.shuffle()\n.data[0]"}},{"id":"times-2","connections":[{"id":"_jsplumb_c_1745416948928","target":"output-6","output":0,"input":0},{"id":"_jsplumb_c_1745416950358","target":"output-7","output":0,"input":1}],"left":"1289px","top":"247px","inputs":{"input 2":""}},{"id":"slider-2","connections":[{"id":"_jsplumb_c_1745416944649","target":"times-2","output":0,"input":1}],"left":"939px","top":"465px","inputs":{"slider":"0.125","min":"0","max":"0.125"}},{"id":"overdrive-0","connections":[{"id":"_jsplumb_c_1745416976608","target":"times-2","output":0,"input":0}],"left":"708px","top":"429px","inputs":{"amount":"0.5"}},{"id":"comment-13","connections":[],"left":"940px","top":"589px","inputs":{"comment":"^^^^^ controls overall volume"}},{"isLocked":false}]