[{"id":"output-4","connections":[],"left":"1080px","top":"271px","inputs":{"output_channel":"1"}},{"id":"output-5","connections":[],"left":"1080px","top":"341px","inputs":{"output_channel":"2"}},{"id":"wave-1","connections":[{"id":"_jsplumb_c_1728948450473","target":"output-4","output":0,"input":0},{"id":"_jsplumb_c_1728948450477","target":"output-5","output":0,"input":1}],"left":"834px","top":"272px","inputs":{},"audioFileName":"808-Kicks13.wav"},{"id":"phasor-1","connections":[{"id":"_jsplumb_c_1728948450479","target":"wave-1","output":0,"input":0}],"left":"645px","top":"270px","inputs":{"frequency (hz)":""}},{"id":"number-1","connections":[{"id":"_jsplumb_c_1728948450481","target":"phasor-1","output":0,"input":0}],"left":"450px","top":"271px","inputs":{"value":"ri(1,25)"}},{"id":"comment-0","connections":[],"left":"242px","top":"121px","inputs":{"comment":"set clock time to 500ms"}},{"id":"comment-1","connections":[],"left":"447px","top":"159px","inputs":{"comment":"regenerate every 250ms (500ms / 2) and select random int between 1 and 25"}},{"id":"comment-2","connections":[],"left":"833px","top":"174px","inputs":{"comment":"read thru wave file at randomized phasor speed"}},{"id":"comment-3","connections":[],"left":"31px","top":"118px","inputs":{"comment":"for more info: \nhttps://github.com/nnirror/wax?tab=readme-ov-file#regenerating-device-parameters"}},{"id":"clock-0","connections":[{"id":"_jsplumb_c_1728948566735","target":"number-1","output":2,"input":0}],"left":"257px","top":"215px","inputs":{"root click time (ms)":"500"}}]