[{"id":"bpf-16","connections":[{"id":"_jsplumb_c_1716343295535","target":"slide-8","output":0,"input":0}],"left":"238px","top":"518px","inputs":{"cutoff":"50","q":"0.8"}},{"id":"bpf-17","connections":[{"id":"_jsplumb_c_1716343295539","target":"slide-9","output":0,"input":0}],"left":"542px","top":"520px","inputs":{"cutoff":"100","q":"0.8"}},{"id":"bpf-18","connections":[{"id":"_jsplumb_c_1716343295543","target":"slide-10","output":0,"input":0}],"left":"843px","top":"520px","inputs":{"cutoff":"250","q":"0.8"}},{"id":"bpf-19","connections":[{"id":"_jsplumb_c_1716343295548","target":"slide-11","output":0,"input":0}],"left":"1147px","top":"522px","inputs":{"cutoff":"500","q":"0.8"}},{"id":"bpf-20","connections":[{"id":"_jsplumb_c_1716343295552","target":"slide-12","output":0,"input":0}],"left":"1456px","top":"520px","inputs":{"cutoff":"1000","q":"0.8"}},{"id":"bpf-21","connections":[{"id":"_jsplumb_c_1716343295556","target":"slide-13","output":0,"input":0}],"left":"1761px","top":"522px","inputs":{"cutoff":"2500","q":"0.8"}},{"id":"bpf-22","connections":[{"id":"_jsplumb_c_1716343295561","target":"slide-14","output":0,"input":0}],"left":"2062px","top":"521px","inputs":{"cutoff":"5000","q":"0.8"}},{"id":"bpf-23","connections":[{"id":"_jsplumb_c_1716343295567","target":"slide-15","output":0,"input":0}],"left":"2365px","top":"524px","inputs":{"cutoff":"10000","q":"0.8"}},{"id":"slide-8","connections":[{"id":"_jsplumb_c_1716343295572","target":"times-13","output":0,"input":1}],"left":"211px","top":"760px","inputs":{"up slope (ms)":"10","down slope (ms)":"10"}},{"id":"slide-9","connections":[{"id":"_jsplumb_c_1716343295577","target":"times-14","output":0,"input":1}],"left":"544px","top":"958px","inputs":{"up slope (ms)":"10","down slope (ms)":"10"}},{"id":"slide-10","connections":[{"id":"_jsplumb_c_1716343295582","target":"times-15","output":0,"input":1}],"left":"848px","top":"757px","inputs":{"up slope (ms)":"10","down slope (ms)":"10"}},{"id":"slide-11","connections":[{"id":"_jsplumb_c_1716343295587","target":"times-16","output":0,"input":1}],"left":"1135px","top":"939px","inputs":{"up slope (ms)":"16","down slope (ms)":"32"}},{"id":"slide-12","connections":[{"id":"_jsplumb_c_1716343295594","target":"times-17","output":0,"input":1}],"left":"1468px","top":"756px","inputs":{"up slope (ms)":"8","down slope (ms)":"16"}},{"id":"slide-13","connections":[{"id":"_jsplumb_c_1716343295599","target":"times-18","output":0,"input":1}],"left":"1774px","top":"956px","inputs":{"up slope (ms)":"4","down slope (ms)":"8"}},{"id":"slide-14","connections":[{"id":"_jsplumb_c_1716343295605","target":"times-19","output":0,"input":1}],"left":"2069px","top":"766px","inputs":{"up slope (ms)":"2","down slope (ms)":"4"}},{"id":"slide-15","connections":[{"id":"_jsplumb_c_1716343295611","target":"times-20","output":0,"input":1}],"left":"2348px","top":"956px","inputs":{"up slope (ms)":"1","down slope (ms)":"2"}},{"id":"times-13","connections":[{"id":"_jsplumb_c_1716343295617","target":"times-22","output":0,"input":0}],"left":"194px","top":"1435px","inputs":{"signal in 2":""}},{"id":"times-14","connections":[{"id":"_jsplumb_c_1716343295624","target":"times-22","output":0,"input":0}],"left":"524px","top":"1435px","inputs":{"signal in 2":""}},{"id":"times-15","connections":[{"id":"_jsplumb_c_1716343295631","target":"times-22","output":0,"input":0}],"left":"838px","top":"1434px","inputs":{"signal in 2":""}},{"id":"times-16","connections":[{"id":"_jsplumb_c_1716343295638","target":"times-22","output":0,"input":0}],"left":"1133px","top":"1431px","inputs":{"signal in 2":""}},{"id":"times-17","connections":[{"id":"_jsplumb_c_1716343295645","target":"times-22","output":0,"input":0}],"left":"1473px","top":"1427px","inputs":{"signal in 2":""}},{"id":"times-18","connections":[{"id":"_jsplumb_c_1716343295651","target":"times-22","output":0,"input":0}],"left":"1813px","top":"1428px","inputs":{"signal in 2":""}},{"id":"times-19","connections":[{"id":"_jsplumb_c_1716343295658","target":"times-22","output":0,"input":0}],"left":"2113px","top":"1425px","inputs":{"signal in 2":""}},{"id":"times-20","connections":[{"id":"_jsplumb_c_1716343295664","target":"times-22","output":0,"input":0}],"left":"2464px","top":"1432px","inputs":{"signal in 2":""}},{"id":"outputnode-4","connections":[],"left":"960px","top":"1811px","inputs":{"output_channel":"1"}},{"id":"outputnode-5","connections":[],"left":"1333px","top":"1820px","inputs":{"output_channel":"2"}},{"id":"comment-2","connections":[],"left":"3349px","top":"1136px","inputs":{"comment":"<- (carrier signal)"}},{"id":"comment-3","connections":[],"left":"427px","top":"175px","inputs":{"comment":"(modulator signal) ->"}},{"id":"times-21","connections":[{"id":"_jsplumb_c_1716343295671","target":"bpf-31","output":0,"input":0},{"id":"_jsplumb_c_1716343295678","target":"bpf-30","output":0,"input":0},{"id":"_jsplumb_c_1716343295687","target":"bpf-29","output":0,"input":0},{"id":"_jsplumb_c_1716343295695","target":"bpf-28","output":0,"input":0},{"id":"_jsplumb_c_1716343295703","target":"bpf-27","output":0,"input":0},{"id":"_jsplumb_c_1716343295711","target":"bpf-26","output":0,"input":0},{"id":"_jsplumb_c_1716343295719","target":"bpf-25","output":0,"input":0},{"id":"_jsplumb_c_1716343295728","target":"bpf-24","output":0,"input":0}],"left":"2956px","top":"1298px","inputs":{"signal in 2":"1"}},{"id":"bpf-24","connections":[{"id":"_jsplumb_c_1716343295739","target":"times-13","output":0,"input":0}],"left":"209px","top":"1213px","inputs":{"cutoff":"50","q":"0.8"}},{"id":"bpf-25","connections":[{"id":"_jsplumb_c_1716343295747","target":"times-14","output":0,"input":0}],"left":"513px","top":"1215px","inputs":{"cutoff":"100","q":"0.8"}},{"id":"bpf-26","connections":[{"id":"_jsplumb_c_1716343295755","target":"times-15","output":0,"input":0}],"left":"814px","top":"1215px","inputs":{"cutoff":"250","q":"0.8"}},{"id":"bpf-27","connections":[{"id":"_jsplumb_c_1716343295763","target":"times-16","output":0,"input":0}],"left":"1118px","top":"1217px","inputs":{"cutoff":"500","q":"0.8"}},{"id":"bpf-28","connections":[{"id":"_jsplumb_c_1716343295771","target":"times-17","output":0,"input":0}],"left":"1427px","top":"1215px","inputs":{"cutoff":"1000","q":"0.8"}},{"id":"bpf-29","connections":[{"id":"_jsplumb_c_1716343295782","target":"times-18","output":0,"input":0}],"left":"1732px","top":"1217px","inputs":{"cutoff":"2500","q":"0.8"}},{"id":"bpf-30","connections":[{"id":"_jsplumb_c_1716343295797","target":"times-19","output":0,"input":0}],"left":"2033px","top":"1216px","inputs":{"cutoff":"5000","q":"0.8"}},{"id":"bpf-31","connections":[{"id":"_jsplumb_c_1716343295806","target":"times-20","output":0,"input":0}],"left":"2336px","top":"1219px","inputs":{"cutoff":"10000","q":"0.8"}},{"id":"times-22","connections":[{"id":"_jsplumb_c_1716343295816","target":"outputnode-4","output":0,"input":0},{"id":"_jsplumb_c_1716343295826","target":"outputnode-5","output":0,"input":1}],"left":"982px","top":"1625px","inputs":{"signal in 2":"1"}},{"id":"tri-1","connections":[{"id":"_jsplumb_c_1716343295836","target":"times-21","output":0,"input":0}],"left":"2938px","top":"1122px","inputs":{"frequency (hz)":"60","pulsewidth":"0.4"}},{"id":"abs-1","connections":[{"id":"_jsplumb_c_1716343295848","target":"greater-1","output":0,"input":0}],"left":"1061px","top":"196px","inputs":{}},{"id":"microphone input-1","connections":[{"id":"_jsplumb_c_1716343295857","target":"abs-1","output":0,"input":0},{"id":"_jsplumb_c_1716343295867","target":"times-23","output":0,"input":0}],"left":"677px","top":"186px","inputs":{}},{"id":"greater-1","connections":[{"id":"_jsplumb_c_1716343295878","target":"times-23","output":0,"input":1},{"id":"_jsplumb_c_1716343295888","target":"times-24","output":0,"input":0}],"left":"1388px","top":"192px","inputs":{"operand":"0.01"}},{"id":"times-23","connections":[{"id":"_jsplumb_c_1716343295901","target":"bpf-16","output":0,"input":0},{"id":"_jsplumb_c_1716343295912","target":"bpf-17","output":0,"input":0},{"id":"_jsplumb_c_1716343295923","target":"bpf-18","output":0,"input":0},{"id":"_jsplumb_c_1716343295936","target":"bpf-19","output":0,"input":0},{"id":"_jsplumb_c_1716343295949","target":"bpf-20","output":0,"input":0},{"id":"_jsplumb_c_1716343295960","target":"bpf-21","output":0,"input":0},{"id":"_jsplumb_c_1716343295971","target":"bpf-22","output":0,"input":0},{"id":"_jsplumb_c_1716343295983","target":"bpf-23","output":0,"input":0}],"left":"861px","top":"357px","inputs":{"signal in 2":""}},{"id":"times-24","connections":[{"id":"_jsplumb_c_1716343295996","target":"bpf-31","output":0,"input":0},{"id":"_jsplumb_c_1716343296017","target":"bpf-30","output":0,"input":0},{"id":"_jsplumb_c_1716343296029","target":"bpf-29","output":0,"input":0}],"left":"2946px","top":"696px","inputs":{"signal in 2":""}},{"id":"noise-1","connections":[{"id":"_jsplumb_c_1716343296041","target":"times-25","output":0,"input":0}],"left":"3038px","top":"386px","inputs":{}},{"id":"times-25","connections":[{"id":"_jsplumb_c_1716343296053","target":"times-24","output":0,"input":1}],"left":"2940px","top":"536px","inputs":{"signal in 2":"0.1"}}]