[{"id":"output-2","connections":[],"left":"832px","top":"174px","inputs":{"output_channel":"1"}},{"id":"output-3","connections":[],"left":"833px","top":"238px","inputs":{"output_channel":"2"}},{"id":"noise-0","connections":[{"id":"_jsplumb_c_1745413661079","target":"times-0","output":0,"input":1}],"left":"281px","top":"149px","inputs":{}},{"id":"phasor-0","connections":[{"id":"_jsplumb_c_1745413661086","target":"times-0","output":0,"input":0}],"left":"216px","top":"26px","inputs":{"frequency":"4"}},{"id":"times-0","connections":[{"id":"_jsplumb_c_1745413661089","target":"times-1","output":0,"input":0}],"left":"430px","top":"120px","inputs":{"input 2":""}},{"id":"times-1","connections":[{"id":"_jsplumb_c_1745413661092","target":"output-2","output":0,"input":0},{"id":"_jsplumb_c_1745413661094","target":"output-3","output":0,"input":1}],"left":"641px","top":"175px","inputs":{"input 2":""}},{"id":"comment-0","connections":[],"left":"13px","top":"26px","inputs":{"comment":"changes the number of noise ramps per second >>>>>>>>"}},{"id":"comment-1","connections":[],"left":"181px","top":"252px","inputs":{"comment":"changes overall volume >>>>>>>>>"}},{"id":"slider-0","connections":[{"id":"_jsplumb_c_1745413661096","target":"times-1","output":0,"input":1}],"left":"372px","top":"246px","inputs":{"slider":"0.022","min":"0","max":"0.125"}},{"isLocked":false}]