[{"id":"comment-2","connections":[],"left":"24px","top":"248px","inputs":{"comment":"the \"1000\" root click time  changes the frequency of the clock divider"}},{"id":"comment-3","connections":[],"left":"456px","top":"304px","inputs":{"comment":"^^^^^ disconnect and re-connect different clock subdivisions\nto the trigger inlet >>>>"}},{"id":"clock-0","connections":[{"id":"_jsplumb_c_1745413910536","target":"play-0","output":0,"input":0}],"left":"220px","top":"240px","inputs":{"tempo (ms)":"1000"}},{"id":"play-0","connections":[{"id":"_jsplumb_c_1745413814130","target":"times-2","output":0,"input":0}],"left":"689px","top":"236px","inputs":{"rate":"1","start pos":"0","end pos":"1","loop":""},"audioFileName":"808-Kicks13.wav"},{"id":"output-4","connections":[],"left":"1108px","top":"232px","inputs":{"output_channel":"1"}},{"id":"output-5","connections":[],"left":"1109px","top":"297px","inputs":{"output_channel":"2"}},{"id":"times-2","connections":[{"id":"_jsplumb_c_1745413825393","target":"output-4","output":0,"input":0},{"id":"_jsplumb_c_1745413826605","target":"output-5","output":0,"input":1}],"left":"909px","top":"234px","inputs":{"input 2":""}},{"id":"slider-1","connections":[{"id":"_jsplumb_c_1745413822572","target":"times-2","output":0,"input":1}],"left":"624px","top":"491px","inputs":{"slider":"0.173","min":"0","max":"1"}},{"id":"comment-4","connections":[],"left":"434px","top":"495px","inputs":{"comment":"control overall volume >>>>>>>>"}},{"id":"button-0","connections":[{"id":"_jsplumb_c_1745413905108","target":"play-0","output":0,"input":0}],"left":"326px","top":"12px","inputs":{"buttonHiddenInput":"0"}},{"id":"comment-5","connections":[],"left":"126px","top":"15px","inputs":{"comment":"click the button to trigger playback >>>"}},{"isLocked":false}]