[{"id":"output-14","connections":[],"left":"2594px","top":"259px","inputs":{"output_channel":"1"}},{"id":"output-15","connections":[],"left":"2599px","top":"337px","inputs":{"output_channel":"2"}},{"id":"keyboard-4","connections":[{"id":"_jsplumb_c_1745415264111","target":"smooth-1","output":1,"input":0},{"id":"_jsplumb_c_1745415301084","target":"ftom-0","output":0,"input":0}],"left":"31px","top":"48px","inputs":{"rootNote":"60","octaves":"2"}},{"id":"smooth-1","connections":[{"id":"_jsplumb_c_1745415185350","target":"times-10","output":0,"input":1}],"left":"862px","top":"289px","inputs":{"up (ms)":"1","down (ms)":"500","exponent":"0"}},{"id":"tri-0","connections":[{"id":"_jsplumb_c_1745415185352","target":"times-10","output":0,"input":0}],"left":"1747px","top":"49px","inputs":{"frequency":"","slope":"0.5"}},{"id":"times-10","connections":[{"id":"_jsplumb_c_1745415185354","target":"reverb-1","output":0,"input":0}],"left":"1984px","top":"262px","inputs":{"input 2":""}},{"id":"reverb-1","connections":[{"id":"_jsplumb_c_1745415201209","target":"times-11","output":0,"input":0}],"left":"2185px","top":"262px","inputs":{"size":"1","feedback":"0.84","wet":"0.5"}},{"id":"times-11","connections":[{"id":"_jsplumb_c_1745415216184","target":"output-14","output":0,"input":0},{"id":"_jsplumb_c_1745415217426","target":"output-15","output":0,"input":1}],"left":"2388px","top":"262px","inputs":{"input 2":""}},{"id":"slider-13","connections":[{"id":"_jsplumb_c_1745415206245","target":"times-11","output":0,"input":1}],"left":"2119px","top":"459px","inputs":{"slider":"0.063","min":"0","max":"0.125"}},{"id":"comment-21","connections":[],"left":"1911px","top":"458px","inputs":{"comment":"controls overall volume >>>>>>>>"}},{"id":"quantizer-0","connections":[{"id":"_jsplumb_c_1745415307160","target":"mtof-1","output":0,"input":0}],"left":"1001px","top":"48px","inputs":{"scale_data":"0 0 2 2 4 5 5 7 7 9 9 11","checkbox-C":true,"checkbox-Csharp":false,"checkbox-D":true,"checkbox-Dsharp":false,"checkbox-E":true,"checkbox-F":true,"checkbox-Fsharp":false,"checkbox-G":true,"checkbox-Gsharp":false,"checkbox-A":true,"checkbox-Asharp":false,"checkbox-B":true}},{"id":"ftom-0","connections":[{"id":"_jsplumb_c_1745415302961","target":"quantizer-0","output":0,"input":0}],"left":"850px","top":"49px","inputs":{}},{"id":"mtof-1","connections":[{"id":"_jsplumb_c_1745415309935","target":"tri-0","output":0,"input":0}],"left":"1589px","top":"48px","inputs":{}},{"id":"comment-22","connections":[],"left":"1139px","top":"199px","inputs":{"comment":"^^^ quantizes notes to a given key (C major in this case)"}},{"id":"comment-23","connections":[],"left":"287px","top":"262px","inputs":{"comment":"^^^ click or tap the keyboard to play notes"}},{"isLocked":false}]