[{"id":"output-0","connections":[],"left":"1163px","top":"258px","inputs":{"output_channel":"1"}},{"id":"output-1","connections":[],"left":"1162px","top":"340px","inputs":{"output_channel":"2"}},{"id":"keyboard-0","connections":[{"id":"_jsplumb_c_1734204344850","target":"smooth-0","output":1,"input":0},{"id":"_jsplumb_c_1734204349154","target":"tri-0","output":0,"input":0}],"left":"45px","top":"135px","inputs":{"rootNote":"60"}},{"id":"smooth-0","connections":[{"id":"_jsplumb_c_1734204355778","target":"times-0","output":0,"input":1}],"left":"570px","top":"281px","inputs":{"up (ms)":"1","down (ms)":"500","exponent":"0"}},{"id":"tri-0","connections":[{"id":"_jsplumb_c_1734204354705","target":"times-0","output":0,"input":0}],"left":"570px","top":"138px","inputs":{"frequency":"","pulsewidth":"0.5"}},{"id":"times-0","connections":[{"id":"_jsplumb_c_1734204360440","target":"reverb-0","output":0,"input":0}],"left":"771px","top":"256px","inputs":{"input 2":""}},{"id":"reverb-0","connections":[{"id":"_jsplumb_c_1734204364642","target":"output-0","output":0,"input":0},{"id":"_jsplumb_c_1734204366250","target":"output-1","output":0,"input":1}],"left":"965px","top":"258px","inputs":{"size":"1","feedback":"0.84","wet":"0.5"}}]