[{"id":"output-2","connections":[],"left":"1181px","top":"484px","inputs":{"output_channel":"1"}},{"id":"output-3","connections":[],"left":"1184px","top":"557px","inputs":{"output_channel":"2"}},{"id":"toggle-0","connections":[{"id":"_jsplumb_c_1729457038966","target":"smooth-0","output":0,"input":0}],"left":"551px","top":"560px","inputs":{"toggleHiddenInput":"0"}},{"id":"cycle-0","connections":[{"id":"_jsplumb_c_1729456968555","target":"times-0","output":0,"input":0}],"left":"723px","top":"283px","inputs":{"frequency (hz)":"","phase":""}},{"id":"slider-0","connections":[{"id":"_jsplumb_c_1729456968558","target":"scale-0","output":0,"input":0}],"left":"99px","top":"284px","inputs":{"slider":"0.5","min":"0","max":"1"}},{"id":"scale-0","connections":[{"id":"_jsplumb_c_1729456968560","target":"cycle-0","output":0,"input":0}],"left":"357px","top":"284px","inputs":{"low in":"0","high in":"1","low out":"20","high out":"1000","exponent":"2"}},{"id":"times-0","connections":[{"id":"_jsplumb_c_1729456968562","target":"output-2","output":0,"input":0},{"id":"_jsplumb_c_1729456968565","target":"output-3","output":0,"input":1}],"left":"988px","top":"486px","inputs":{"input 2":""}},{"id":"comment-0","connections":[],"left":"98px","top":"175px","inputs":{"comment":"1. this slider controls the oscillator's frequency"}},{"id":"comment-1","connections":[],"left":"362px","top":"617px","inputs":{"comment":"4. this toggles on/off the sine wave"}},{"id":"button-0","connections":[{"id":"_jsplumb_c_1729456968569","target":"adr-0","output":0,"input":0}],"left":"556px","top":"754px","inputs":{}},{"id":"adr-0","connections":[{"id":"_jsplumb_c_1729456968572","target":"times-0","output":0,"input":1}],"left":"717px","top":"752px","inputs":{"attack (ms)":"0","decay (ms)":"250","release (ms)":"250","level":"0"}},{"id":"comment-2","connections":[],"left":"354px","top":"780px","inputs":{"comment":"5. when the toggle is off, you can press this button >> to generate a one-time envelope to briefly play the sine"}},{"id":"comment-3","connections":[],"left":"353px","top":"178px","inputs":{"comment":"2. the slider is scaled to a range to between 20 - 1000"}},{"id":"comment-4","connections":[],"left":"724px","top":"177px","inputs":{"comment":"3. here's the sine wave oscillator"}},{"id":"smooth-0","connections":[{"id":"_jsplumb_c_1729457047634","target":"times-0","output":0,"input":1}],"left":"717px","top":"559px","inputs":{"up slope (ms)":"30","down slope (ms)":"30","exponent":"0"}}]