[{"id":"output-10","connections":[],"left":"1392px","top":"417px","inputs":{"output_channel":"1"}},{"id":"output-11","connections":[],"left":"1395px","top":"490px","inputs":{"output_channel":"2"}},{"id":"toggle-0","connections":[{"id":"_jsplumb_c_1745414893254","target":"smooth-0","output":0,"input":0}],"left":"538px","top":"491px","inputs":{"toggleHiddenInput":"0"}},{"id":"cycle-5","connections":[{"id":"_jsplumb_c_1745414893257","target":"times-7","output":0,"input":0}],"left":"710px","top":"214px","inputs":{"frequency":"","phase":""}},{"id":"slider-10","connections":[{"id":"_jsplumb_c_1745414893259","target":"scale-3","output":0,"input":0}],"left":"86px","top":"215px","inputs":{"slider":"0.54","min":"0","max":"1"}},{"id":"scale-3","connections":[{"id":"_jsplumb_c_1745414893261","target":"cycle-5","output":0,"input":0}],"left":"344px","top":"215px","inputs":{"low in":"0","high in":"1","low out":"20","high out":"1000","exponent":"2"}},{"id":"times-7","connections":[{"id":"_jsplumb_c_1745414956616","target":"times-8","output":0,"input":0}],"left":"975px","top":"417px","inputs":{"input 2":""}},{"id":"comment-14","connections":[],"left":"85px","top":"106px","inputs":{"comment":"1. this slider controls the oscillator's frequency"}},{"id":"comment-15","connections":[],"left":"349px","top":"548px","inputs":{"comment":"4. this toggles on/off the sine wave"}},{"id":"button-1","connections":[{"id":"_jsplumb_c_1745414893267","target":"adr-0","output":0,"input":0}],"left":"543px","top":"685px","inputs":{"buttonHiddenInput":"0"}},{"id":"adr-0","connections":[{"id":"_jsplumb_c_1745414893269","target":"times-7","output":0,"input":1}],"left":"704px","top":"683px","inputs":{"attack (ms)":"10","decay (ms)":"250","release (ms)":"250","level":"0"}},{"id":"comment-16","connections":[],"left":"341px","top":"711px","inputs":{"comment":"5. you can also press this button >> to generate a one-time envelope to briefly play the tone"}},{"id":"comment-17","connections":[],"left":"340px","top":"109px","inputs":{"comment":"2. the slider is scaled to a range to between 20 - 1000"}},{"id":"comment-18","connections":[],"left":"711px","top":"108px","inputs":{"comment":"3. here's the sine wave oscillator"}},{"id":"smooth-0","connections":[{"id":"_jsplumb_c_1745414893271","target":"times-7","output":0,"input":1}],"left":"704px","top":"490px","inputs":{"up (ms)":"30","down (ms)":"30","exponent":"0"}},{"id":"slider-11","connections":[{"id":"_jsplumb_c_1745414959729","target":"times-8","output":0,"input":1}],"left":"944px","top":"624px","inputs":{"slider":"0.032","min":"0","max":"0.125"}},{"id":"times-8","connections":[{"id":"_jsplumb_c_1745414963217","target":"output-11","output":0,"input":1},{"id":"_jsplumb_c_1745414965199","target":"output-10","output":0,"input":0}],"left":"1192px","top":"420px","inputs":{"input 2":""}},{"id":"comment-19","connections":[],"left":"946px","top":"755px","inputs":{"comment":"^^^ controls overall volume"}},{"isLocked":false}]