[{"id":"output-0","connections":[],"left":"950px","top":"417px","inputs":{"output_channel":"1"}},{"id":"output-1","connections":[],"left":"950px","top":"485px","inputs":{"output_channel":"2"}},{"id":"slider-0","connections":[{"id":"_jsplumb_c_1729878946503","target":"scale-0","output":0,"input":0}],"left":"103px","top":"252px","inputs":{"slider":"0","min":"0","max":"1"}},{"id":"scale-0","connections":[{"id":"_jsplumb_c_1729878966486","target":"cycle-0","output":0,"input":0}],"left":"353px","top":"250px","inputs":{"low in":"0","high in":"1","low out":"20","high out":"1000","exponent":"2"}},{"id":"cycle-0","connections":[{"id":"_jsplumb_c_1729878975819","target":"times-0","output":0,"input":0}],"left":"548px","top":"249px","inputs":{"frequency (hz)":"","phase":""}},{"id":"times-0","connections":[{"id":"_jsplumb_c_1729878982369","target":"output-0","output":0,"input":0},{"id":"_jsplumb_c_1729878983986","target":"output-1","output":0,"input":1}],"left":"754px","top":"415px","inputs":{"input 2":""}},{"id":"toggle-0","connections":[{"id":"_jsplumb_c_1729879003220","target":"smooth-0","output":0,"input":0}],"left":"194px","top":"492px","inputs":{"toggleHiddenInput":"0"}},{"id":"button-0","connections":[{"id":"_jsplumb_c_1729879012154","target":"adr-0","output":0,"input":0}],"left":"194px","top":"672px","inputs":{}},{"id":"smooth-0","connections":[{"id":"_jsplumb_c_1729879018887","target":"times-0","output":0,"input":1}],"left":"352px","top":"493px","inputs":{"up slope (ms)":"30","down slope (ms)":"30","exponent":"0"}},{"id":"adr-0","connections":[{"id":"_jsplumb_c_1729879020887","target":"times-0","output":0,"input":1}],"left":"348px","top":"673px","inputs":{"attack (ms)":"0","decay (ms)":"1","release (ms)":"125","level":"1"}}]