[{"id":"outputnode-0","connections":[],"left":"467px","top":"1082px","inputs":{"output_channel":"1"}},{"id":"outputnode-1","connections":[],"left":"719px","top":"1080px","inputs":{"output_channel":"2"}},{"id":"toggle-0","connections":[{"id":"_jsplumb_c_1725401883186","target":"slide-0","output":0,"input":0}],"left":"803px","top":"398px","inputs":{"toggleHiddenInput":"0"}},{"id":"cycle-0","connections":[{"id":"_jsplumb_c_1725401857931","target":"times-0","output":0,"input":0}],"left":"320px","top":"616px","inputs":{"frequency (hz)":""}},{"id":"slider-0","connections":[{"id":"_jsplumb_c_1725401843583","target":"scale-0","output":0,"input":0}],"left":"296px","top":"152px","inputs":{"":"0.774"}},{"id":"scale-0","connections":[{"id":"_jsplumb_c_1725401849416","target":"cycle-0","output":0,"input":0}],"left":"317px","top":"338px","inputs":{"low in":"0","high in":"1","low out":"20","high out":"1000","exponent":"2"}},{"id":"times-0","connections":[{"id":"_jsplumb_c_1725401861828","target":"outputnode-0","output":0,"input":0},{"id":"_jsplumb_c_1725401863843","target":"outputnode-1","output":0,"input":1}],"left":"378px","top":"811px","inputs":{"signal in 2":""}},{"id":"slide-0","connections":[{"id":"_jsplumb_c_1725401884436","target":"times-0","output":0,"input":1}],"left":"642px","top":"604px","inputs":{"up slope (ms)":"30","down slope (ms)":"30"}},{"id":"comment-0","connections":[],"left":"1157px","top":"608px","inputs":{"comment":"<- creates a clickless fade"}},{"id":"comment-2","connections":[],"left":"482px","top":"138px","inputs":{"comment":"controls sine frequency"}},{"id":"comment-3","connections":[],"left":"954px","top":"394px","inputs":{"comment":"toggle on/off the sine wave"}},{"id":"button-0","connections":[{"id":"_jsplumb_c_1725401994004","target":"adr-0","output":0,"input":0}],"left":"1298px","top":"104px","inputs":{}},{"id":"adr-0","connections":[{"id":"_jsplumb_c_1725402009571","target":"times-0","output":0,"input":1}],"left":"1265px","top":"278px","inputs":{"attack (ms)":"0","decay (ms)":"250","level":"0","release (ms)":"250"}},{"id":"comment-4","connections":[],"left":"1448px","top":"90px","inputs":{"comment":"when the toggle is off, you can press this button to generate a one-time envelope on the sine"}}]