[{"id":"output-8","connections":[],"left":"1161px","top":"464px","inputs":{"output_channel":"1"}},{"id":"output-9","connections":[],"left":"1164px","top":"537px","inputs":{"output_channel":"2"}},{"id":"toggle-0","connections":[{"id":"_jsplumb_c_1728947225133","target":"slide-0","output":0,"input":0}],"left":"531px","top":"566px","inputs":{"toggleHiddenInput":"0"}},{"id":"cycle-0","connections":[{"id":"_jsplumb_c_1728947225135","target":"times-2","output":0,"input":0}],"left":"703px","top":"263px","inputs":{"frequency (hz)":""}},{"id":"slider-2","connections":[{"id":"_jsplumb_c_1728947225136","target":"scale-2","output":0,"input":0}],"left":"79px","top":"264px","inputs":{"slider":"0.5","min":"0","max":"1"}},{"id":"scale-2","connections":[{"id":"_jsplumb_c_1728947225138","target":"cycle-0","output":0,"input":0}],"left":"337px","top":"264px","inputs":{"low in":"0","high in":"1","low out":"20","high out":"1000","exponent":"2"}},{"id":"times-2","connections":[{"id":"_jsplumb_c_1728947225140","target":"output-8","output":0,"input":0},{"id":"_jsplumb_c_1728947225142","target":"output-9","output":0,"input":1}],"left":"968px","top":"466px","inputs":{"signal in 2":""}},{"id":"slide-0","connections":[{"id":"_jsplumb_c_1728947225144","target":"times-2","output":0,"input":1}],"left":"699px","top":"564px","inputs":{"up slope (ms)":"30","down slope (ms)":"30"}},{"id":"comment-10","connections":[],"left":"78px","top":"155px","inputs":{"comment":"1. this slider controls the oscillator's frequency"}},{"id":"comment-11","connections":[],"left":"342px","top":"622px","inputs":{"comment":"4. this toggles on/off the sine wave"}},{"id":"button-0","connections":[{"id":"_jsplumb_c_1728947225146","target":"adr-0","output":0,"input":0}],"left":"536px","top":"734px","inputs":{}},{"id":"adr-0","connections":[{"id":"_jsplumb_c_1728947225149","target":"times-2","output":0,"input":1}],"left":"697px","top":"732px","inputs":{"attack (ms)":"0","decay (ms)":"250","release (ms)":"250","level":"0"}},{"id":"comment-12","connections":[],"left":"334px","top":"760px","inputs":{"comment":"5. when the toggle is off, you can press this button >> to generate a one-time envelope to briefly play the sine"}},{"id":"comment-13","connections":[],"left":"333px","top":"158px","inputs":{"comment":"2. the slider is scaled to a range to between 20 - 1000"}},{"id":"comment-14","connections":[],"left":"704px","top":"157px","inputs":{"comment":"3. here's the sine wave oscillator"}}]