[{"id":"output-2","connections":[],"left":"1201px","top":"504px","inputs":{"output_channel":"1"}},{"id":"output-3","connections":[],"left":"1204px","top":"577px","inputs":{"output_channel":"2"}},{"id":"toggle-0","connections":[{"id":"_jsplumb_c_1729878614928","target":"smooth-0","output":0,"input":0}],"left":"571px","top":"580px","inputs":{"toggleHiddenInput":"0"}},{"id":"cycle-0","connections":[{"id":"_jsplumb_c_1729878614937","target":"times-0","output":0,"input":0}],"left":"743px","top":"303px","inputs":{"frequency (hz)":"","phase":""}},{"id":"slider-0","connections":[{"id":"_jsplumb_c_1729878614941","target":"scale-0","output":0,"input":0}],"left":"119px","top":"304px","inputs":{"slider":"0.637","min":"0","max":"1"}},{"id":"scale-0","connections":[{"id":"_jsplumb_c_1729878614944","target":"cycle-0","output":0,"input":0}],"left":"377px","top":"304px","inputs":{"low in":"0","high in":"1","low out":"20","high out":"1000","exponent":"2"}},{"id":"times-0","connections":[{"id":"_jsplumb_c_1729878614947","target":"output-2","output":0,"input":0},{"id":"_jsplumb_c_1729878614950","target":"output-3","output":0,"input":1}],"left":"1008px","top":"506px","inputs":{"input 2":""}},{"id":"comment-0","connections":[],"left":"118px","top":"195px","inputs":{"comment":"1. this slider controls the oscillator's frequency"}},{"id":"comment-1","connections":[],"left":"382px","top":"637px","inputs":{"comment":"4. this toggles on/off the sine wave"}},{"id":"button-0","connections":[{"id":"_jsplumb_c_1729878614952","target":"adr-0","output":0,"input":0}],"left":"576px","top":"774px","inputs":{}},{"id":"adr-0","connections":[{"id":"_jsplumb_c_1729878614955","target":"times-0","output":0,"input":1}],"left":"737px","top":"772px","inputs":{"attack (ms)":"0","decay (ms)":"250","release (ms)":"250","level":"0"}},{"id":"comment-2","connections":[],"left":"374px","top":"800px","inputs":{"comment":"5. when the toggle is off, you can press this button >> to generate a one-time envelope to briefly play the sine"}},{"id":"comment-3","connections":[],"left":"373px","top":"198px","inputs":{"comment":"2. the slider is scaled to a range to between 20 - 1000"}},{"id":"comment-4","connections":[],"left":"744px","top":"197px","inputs":{"comment":"3. here's the sine wave oscillator"}},{"id":"smooth-0","connections":[{"id":"_jsplumb_c_1729878614958","target":"times-0","output":0,"input":1}],"left":"737px","top":"579px","inputs":{"up slope (ms)":"30","down slope (ms)":"30","exponent":"0"}}]