[{"id":"outputnode-2","connections":[],"left":"695px","top":"911px","inputs":{"output_channel":"1"}},{"id":"outputnode-3","connections":[],"left":"996px","top":"914px","inputs":{"output_channel":"2"}},{"id":"pattern-0","connections":[{"id":1712936485921,"target":"tri-2","output":0,"input":0}],"left":"618px","top":"362px","inputs":{"pattern":"_.noise(16) // generate some noise between -1 and 1\n.scale(30,100) // scale it between 30 and 100\n.key('f#','bebop') // MIDI numbers in a specific key\n.mtof(); // convert those to frequency (hz)"}},{"id":"phasor-0","connections":[{"id":1712936459887,"target":"pattern-0","output":0,"input":0}],"left":"718px","top":"205px","inputs":{}},{"id":"number-0","connections":[{"id":1712936382513,"target":"phasor-0","output":0,"input":0}],"left":"709px","top":"38px","inputs":{"value":"0.5"}},{"id":"comment-0","connections":[],"left":"383px","top":"367px","inputs":{"comment":"press enter or 'regen' button to regenerate ->"}},{"id":"comment-1","connections":[],"left":"920px","top":"25px","inputs":{"comment":"<- phasor period is 2 seconds (0.5 Hz)"}},{"id":"number-1","connections":[{"id":1712936502438,"target":"times-1","output":0,"input":1}],"left":"1215px","top":"545px","inputs":{"value":"0.5"}},{"id":"comment-2","connections":[],"left":"1426px","top":"524px","inputs":{"comment":"<- control overall volume"}},{"id":"tri-2","connections":[{"id":1712936499288,"target":"times-1","output":0,"input":0}],"left":"700px","top":"593px","inputs":{}},{"id":"times-1","connections":[{"id":1712936504055,"target":"outputnode-2","output":0,"input":0},{"id":1712936505338,"target":"outputnode-3","output":0,"input":1}],"left":"692px","top":"756px","inputs":{}}]