[{"id":"output-2","connections":[],"left":"1007px","top":"247px","inputs":{"output_channel":"1"}},{"id":"output-3","connections":[],"left":"1007px","top":"317px","inputs":{"output_channel":"2"}},{"id":"pattern-0","connections":[{"id":"_jsplumb_c_1729965122268","target":"output-2","output":0,"input":0},{"id":"_jsplumb_c_1729965122276","target":"output-3","output":0,"input":1}],"left":"445px","top":"249px","inputs":{"pattern":"_.noise(44100)\n  .times(_.ramp(1, 0, 44100)\n    .expo(8))\n// .comb(ms(20))\n// .lpf(2000,0.9)\n// try un-commenting these lines and regenerating\n// the pattern to hear how it changes the audio","":""}},{"id":"phasor-0","connections":[{"id":"_jsplumb_c_1729965122280","target":"pattern-0","output":0,"input":0}],"left":"254px","top":"250px","inputs":{"frequency (hz)":"0.5"}},{"id":"comment-0","connections":[],"left":"451px","top":"114px","inputs":{"comment":"inside pattern's code editor, hit key-combo [ctrl + enter] or click the 'regen' button to regenerate the pattern"}},{"id":"comment-1","connections":[],"left":"60px","top":"250px","inputs":{"comment":"with a phasor frequency of 0.5 Hz, it will read through the wavetable in the pattern object >>>\nevery 2 seconds"}},{"id":"comment-2","connections":[],"left":"62px","top":"122px","inputs":{"comment":"more info on facet:\n\nhttps://github.com/nnirror/facet"}},{"id":"comment-3","connections":[],"left":"61px","top":"411px","inputs":{"comment":"you can also trigger the pattern to play back at its default audio rate speed, any time a signal goes above 0.5"}},{"id":"button-0","connections":[{"id":"_jsplumb_c_1729965122283","target":"pattern-0","output":0,"input":1}],"left":"255px","top":"413px","inputs":{}}]