[{"id":"output-10","connections":[],"left":"1027px","top":"267px","inputs":{"output_channel":"1"}},{"id":"output-11","connections":[],"left":"1027px","top":"337px","inputs":{"output_channel":"2"}},{"id":"pattern-0","connections":[{"id":"_jsplumb_c_1730642374153","target":"output-10","output":0,"input":0},{"id":"_jsplumb_c_1730642374155","target":"output-11","output":0,"input":1}],"left":"465px","top":"269px","inputs":{"pattern":"_.noise(44100)\n  .times(_.ramp(1, 0, 44100)\n    .expo(8))\n// .comb(ms(20))\n// .lpf(2000,0.9)\n// try un-commenting these lines and regenerating\n// the pattern to hear how it changes the audio","":""}},{"id":"phasor-2","connections":[{"id":"_jsplumb_c_1730642374156","target":"pattern-0","output":0,"input":0}],"left":"274px","top":"270px","inputs":{"frequency":"1"}},{"id":"comment-12","connections":[],"left":"471px","top":"134px","inputs":{"comment":"inside pattern's code editor, hit key-combo [ctrl + enter] or click the 'regen' button to regenerate the pattern"}},{"id":"comment-13","connections":[],"left":"80px","top":"270px","inputs":{"comment":"with a phasor frequency of 0.5 Hz, it will read through the wavetable in the pattern object >>>\nevery 2 seconds"}},{"id":"comment-14","connections":[],"left":"82px","top":"142px","inputs":{"comment":"more info on facet:\n\nhttps://github.com/nnirror/facet"}},{"id":"comment-15","connections":[],"left":"81px","top":"431px","inputs":{"comment":"you can also trigger the pattern to play back at its default audio rate speed, any time a signal goes above 0.5"}},{"id":"button-1","connections":[{"id":"_jsplumb_c_1730642374158","target":"pattern-0","output":0,"input":1}],"left":"275px","top":"433px","inputs":{}}]