[{"id":"output-2","connections":[],"left":"1583px","top":"415px","inputs":{"output_channel":"1"}},{"id":"output-3","connections":[],"left":"1583px","top":"486px","inputs":{"output_channel":"2"}},{"id":"pattern-0","connections":[{"id":"_jsplumb_c_1745415765139","target":"times-0","output":0,"input":0},{"id":"_jsplumb_c_1745415904001","target":"times-0","output":1,"input":0}],"left":"505px","top":"415px","inputs":{"pattern":"_.sine(_.ramp(500, 20, 100)\n    .expo(20))\n  .times(_.ramp(1, 0, 44100)\n    .expo(20))\n  .delay(ms(160), 0.9)","":""}},{"id":"phasor-0","connections":[{"id":"_jsplumb_c_1745415994885","target":"pattern-0","output":0,"input":0},{"id":"_jsplumb_c_1745416259949","target":"pattern-1","output":0,"input":0}],"left":"260px","top":"416px","inputs":{"frequency":"1"}},{"id":"comment-0","connections":[],"left":"505px","top":"219px","inputs":{"comment":"inside pattern's code editor, hit key-combo [ctrl + enter] or click the 'regen' button to regenerate the pattern.\n\nthis pattern synthesizes a short kick drum sound as audio"}},{"id":"comment-1","connections":[],"left":"66px","top":"416px","inputs":{"comment":"with a phasor frequency of 1 Hz, it will read through the wavetable in the pattern object >>>\nevery 1 second"}},{"id":"comment-2","connections":[],"left":"68px","top":"288px","inputs":{"comment":"more info on facet:\n\nhttps://github.com/nnirror/facet"}},{"id":"times-0","connections":[{"id":"_jsplumb_c_1745415765148","target":"output-2","output":0,"input":0},{"id":"_jsplumb_c_1745415765150","target":"output-3","output":0,"input":1}],"left":"1380px","top":"417px","inputs":{"input 2":""}},{"id":"slider-0","connections":[{"id":"_jsplumb_c_1745415765154","target":"times-0","output":0,"input":1}],"left":"828px","top":"655px","inputs":{"slider":"0.034","min":"0","max":"0.125"}},{"id":"comment-4","connections":[],"left":"634px","top":"657px","inputs":{"comment":"controls overall volume >>>>>>>"}},{"id":"pattern-1","connections":[{"id":"_jsplumb_c_1745416216462","target":"saw-0","output":0,"input":0}],"left":"512px","top":"825px","inputs":{"pattern":"_.noise(16)\n  .scale(30, 80)\n  .key('a')\n  .mtof()","":""}},{"id":"saw-0","connections":[{"id":"_jsplumb_c_1745416242884","target":"times-1","output":0,"input":0}],"left":"1084px","top":"826px","inputs":{"frequency":""}},{"id":"times-1","connections":[{"id":"_jsplumb_c_1745416244713","target":"times-0","output":0,"input":0}],"left":"1279px","top":"825px","inputs":{"input 2":""}},{"id":"slider-1","connections":[{"id":"_jsplumb_c_1745416241745","target":"times-1","output":0,"input":1}],"left":"949px","top":"981px","inputs":{"slider":"0.081","min":"0","max":"0.125"}},{"id":"comment-5","connections":[],"left":"756px","top":"985px","inputs":{"comment":"controls overall volume >>>>>>>"}},{"id":"comment-6","connections":[],"left":"303px","top":"827px","inputs":{"comment":"this pattern controls frequency of an oscillator and has 16 random values in it, scaled between MIDI notes 30 and 80, in A major >>>>>"}},{"isLocked":false}]