[{"id":"output-2","connections":[],"left":"1143px","top":"325px","inputs":{"output_channel":"1"}},{"id":"output-3","connections":[],"left":"1143px","top":"395px","inputs":{"output_channel":"2"}},{"id":"pattern-0","connections":[{"id":"_jsplumb_c_1728948147492","target":"output-2","output":0,"input":0},{"id":"_jsplumb_c_1728948148608","target":"output-3","output":0,"input":1}],"left":"581px","top":"327px","inputs":{"pattern":"_.noise(44100)\n  .times(_.ramp(1, 0, 44100)\n    .expo(8))\n// .comb(ms(20))\n// .lpf(2000,0.9)\n// try un-commenting these lines and regenerating the pattern to hear how it changes the generated audio pattern","":""}},{"id":"phasor-0","connections":[{"id":"_jsplumb_c_1728947744719","target":"pattern-0","output":0,"input":0}],"left":"390px","top":"328px","inputs":{"frequency (hz)":"0.5"}},{"id":"comment-0","connections":[],"left":"587px","top":"192px","inputs":{"comment":"inside pattern's code editor, hit key-combo [ctrl + enter] or click the 'regen' button to regenerate the pattern"}},{"id":"comment-1","connections":[],"left":"196px","top":"328px","inputs":{"comment":"with a phasor frequency of 0.5 Hz, it will read through the wavetable in the pattern object >>>\nevery 2 seconds"}},{"id":"comment-3","connections":[],"left":"42px","top":"102px","inputs":{"comment":"more info on facet:\n\nhttps://github.com/nnirror/facet"}},{"id":"comment-4","connections":[],"left":"197px","top":"489px","inputs":{"comment":"you can also trigger the pattern to play back at its default audio rate speed, any time a signal goes above 0.5"}},{"id":"button-0","connections":[{"id":"_jsplumb_c_1728947983138","target":"pattern-0","output":0,"input":1}],"left":"391px","top":"491px","inputs":{}}]