[{"id":"outputnode-8","connections":[],"left":"695px","top":"911px","inputs":{"output_channel":"1"}},{"id":"outputnode-9","connections":[],"left":"996px","top":"914px","inputs":{"output_channel":"2"}},{"id":"pattern-0","connections":[{"id":"_jsplumb_c_1725401321174","target":"tri-2","output":0,"input":0}],"left":"618px","top":"362px","inputs":{"pattern":"_.noise(16) // generate some noise between -1 and 1\n.scale(30,100) // scale it between 30 and 100\n.key('f#','bebop') // MIDI numbers in a specific key\n.mtof(); // convert those to frequency (hz)"}},{"id":"phasor-2","connections":[{"id":"_jsplumb_c_1725401321177","target":"pattern-0","output":0,"input":0}],"left":"718px","top":"205px","inputs":{"frequency (hz)":"0.5"}},{"id":"comment-11","connections":[],"left":"383px","top":"367px","inputs":{"comment":"press enter or 'regen' button to regenerate ->"}},{"id":"comment-12","connections":[],"left":"1023px","top":"160px","inputs":{"comment":"<- phasor period is 2 seconds (0.5 Hz)"}},{"id":"comment-13","connections":[],"left":"1094px","top":"713px","inputs":{"comment":"<- control overall volume"}},{"id":"tri-2","connections":[{"id":"_jsplumb_c_1725401321187","target":"times-3","output":0,"input":0}],"left":"700px","top":"593px","inputs":{"frequency (hz)":"","pulsewidth":""}},{"id":"times-3","connections":[{"id":"_jsplumb_c_1725401321191","target":"outputnode-8","output":0,"input":0},{"id":"_jsplumb_c_1725401321195","target":"outputnode-9","output":0,"input":1}],"left":"692px","top":"756px","inputs":{"signal in 2":"0.5"}}]