[{"id":"play-0","connections":[{"id":"_jsplumb_c_1770522933212","target":"limi-0","output":0,"input":0}],"left":"1295px","top":"35px","inputs":{"rate":"1","start pos":"0","end pos":"1","loop":"0","audioUrlInput":"https://ia601409.us.archive.org/25/items/PowerFX-DrumMachine/drumMachine/Kit%208/113_Misc.Assets_kit_808_2_sample_Misc.Assets_kit_808_2_sample.mp3"},"audioFileName":"113_Misc.Assets_kit_808_2_sample_Misc.Assets_kit_808_2_sample.mp3","audioUrl":"https://ia601409.us.archive.org/25/items/PowerFX-DrumMachine/drumMachine/Kit%208/113_Misc.Assets_kit_808_2_sample_Misc.Assets_kit_808_2_sample.mp3"},{"id":"play-1","connections":[{"id":"_jsplumb_c_1770522933216","target":"limi-0","output":0,"input":0}],"left":"1300px","top":"305px","inputs":{"rate":"1","start pos":"0","end pos":"1","loop":"0","audioUrlInput":"https://dn720308.ca.archive.org/0/items/PowerFX-DrumMachine/drumMachine/Kit%208/137_Misc.Assets_kit_808_3_sample_Misc.Assets_kit_808_3_sample.mp3"},"audioFileName":"137_Misc.Assets_kit_808_3_sample_Misc.Assets_kit_808_3_sample.mp3","audioUrl":"https://dn720308.ca.archive.org/0/items/PowerFX-DrumMachine/drumMachine/Kit%208/137_Misc.Assets_kit_808_3_sample_Misc.Assets_kit_808_3_sample.mp3"},{"id":"output-2","connections":[],"left":"1930px","top":"455px","inputs":{"output_channel":"1"}},{"id":"limi-0","connections":[{"id":"_jsplumb_c_1770522933218","target":"output-2","output":0,"input":0},{"id":"_jsplumb_c_1770522933220","target":"output-3","output":0,"input":1}],"left":"1770px","top":"495px","inputs":{}},{"id":"output-3","connections":[],"left":"1925px","top":"540px","inputs":{"output_channel":"2"}},{"id":"play-2","connections":[{"id":"_jsplumb_c_1770522933222","target":"limi-0","output":0,"input":0}],"left":"1295px","top":"565px","inputs":{"rate":"1","start pos":"0","end pos":"1","loop":"0","audioUrlInput":"https://dn720308.ca.archive.org/0/items/PowerFX-DrumMachine/drumMachine/Kit%208/257_Misc.Assets_kit_808_5_sample_Misc.Assets_kit_808_5_sample.mp3"},"audioFileName":"257_Misc.Assets_kit_808_5_sample_Misc.Assets_kit_808_5_sample.mp3","audioUrl":"https://dn720308.ca.archive.org/0/items/PowerFX-DrumMachine/drumMachine/Kit%208/257_Misc.Assets_kit_808_5_sample_Misc.Assets_kit_808_5_sample.mp3"},{"id":"play-3","connections":[{"id":"_jsplumb_c_1770522933225","target":"limi-0","output":0,"input":0}],"left":"1290px","top":"850px","inputs":{"rate":"1","start pos":"0","end pos":"1","loop":"0","audioUrlInput":"https://dn720308.ca.archive.org/0/items/PowerFX-DrumMachine/drumMachine/Kit%208/260_Misc.Assets_kit_808_1_sample_Misc.Assets_kit_808_1_sample.mp3"},"audioFileName":"260_Misc.Assets_kit_808_1_sample_Misc.Assets_kit_808_1_sample.mp3","audioUrl":"https://dn720308.ca.archive.org/0/items/PowerFX-DrumMachine/drumMachine/Kit%208/260_Misc.Assets_kit_808_1_sample_Misc.Assets_kit_808_1_sample.mp3"},{"id":"comment-0","connections":[],"left":"1405px","top":"135px","inputs":{"comment":"808 snare"}},{"id":"comment-1","connections":[],"left":"1415px","top":"395px","inputs":{"comment":"808 clap"}},{"id":"comment-2","connections":[],"left":"1410px","top":"655px","inputs":{"comment":"808 hat"}},{"id":"comment-3","connections":[],"left":"1400px","top":"940px","inputs":{"comment":"808 kick"}},{"id":"gate-0","connections":[{"id":"_jsplumb_c_1770523239819","target":"play-0","output":0,"input":0},{"id":"_jsplumb_c_1770523241935","target":"play-1","output":1,"input":0},{"id":"_jsplumb_c_1770523244220","target":"play-2","output":2,"input":0},{"id":"_jsplumb_c_1770523246376","target":"play-3","output":3,"input":0}],"left":"1025px","top":"385px","inputs":{"output num":"4"}},{"id":"metronome-1","connections":[{"id":"_jsplumb_c_1770523252054","target":"gate-0","output":0,"input":0},{"id":"_jsplumb_c_1770523288650","target":"sequencer-0","output":0,"input":0},{"id":"_jsplumb_c_1770523421949","target":"counter-1","output":0,"input":0}],"left":"30px","top":"320px","inputs":{"tempo (ms)":"1000/8","division":"1"}},{"id":"sequencer-0","connections":[{"id":"_jsplumb_c_1770523305923","target":"scale-0","output":0,"input":0}],"left":"425px","top":"405px","inputs":{"sequencer_data":"","skip_data":"","slider-count":"8","drift-percentage":"50","drift-intensity":"50","slider-0":"0.19","checkbox-0":true,"slider-1":"0","checkbox-1":true,"slider-2":"0.54","checkbox-2":true,"slider-3":"0.89","checkbox-3":true,"slider-4":"0.53","checkbox-4":true,"slider-5":"0.37","checkbox-5":true,"slider-6":"1","checkbox-6":true,"slider-7":"0.47","checkbox-7":true}},{"id":"scale-0","connections":[{"id":"_jsplumb_c_1770523308807","target":"gate-0","output":0,"input":1}],"left":"815px","top":"405px","inputs":{"low in":"0","high in":"1","low out":"1","high out":"4","exponent":"1"}},{"id":"counter-1","connections":[{"id":"_jsplumb_c_1770523428502","target":"sequencer-0","output":0,"input":1}],"left":"220px","top":"440px","inputs":{"maximum":"32"}},{"id":"comment-5","connections":[],"left":"790px","top":"120px","inputs":{"comment":"loads 4 808 samples from archive.org\n\n(these are mp3s but it should work with wavs and other audio file types)"}},{"isLocked":false}]